"library","target","expression","antibody","escape_frac","n_barcodes","binary_escape_frac"
"lib1",NA,10.08635,NA,0.95328,4788,1
"lib1","ZXC21",10.03525,NA,1,486,1
"lib1","HeB2013",10.08179,NA,0.96866,227,1
"lib1","HKU3-1",10.15426,NA,0.96152,138,1
"lib1","Longquan-140",10.11018,NA,0.95946,223,1
"lib1","BM48-31",10.26422,NA,0.95952,149,1
"lib1","YN2013",10.24623,NA,0.90222,192,1
"lib1","Shaanxi2011",10.29904,NA,0.91589,266,1
"lib1","Rs4231",10.25805,NA,0.8609,269,1
"lib1","SARS-CoV-1_PC4-13_PC04",10.22341,NA,1,230,1
"lib1","Rs4084",10.2939,NA,0.97558,182,1
"lib1","273-2005",10.01932,NA,0.92023,191,1
"lib1","SARS-CoV-1_PC4-127_PC04",9.95714,NA,1,260,1
"lib1","Rf4092",10.14671,NA,0.91619,295,1
"lib1","ZC45",10.02942,NA,0.93156,278,1
"lib1","SARS-CoV-1_Sino1-11_HP03L",10.17309,NA,0.99575,266,1
"lib1","HuB2013",10.25261,NA,0.91302,244,1
"lib1","Rp3",10.19185,NA,0.95575,345,1
"lib1","279-2005",10.16649,NA,0.91296,243,1
"lib1","Rs4247",10.17229,NA,0.88411,342,1
"lib1","GX-Pangolin",10.21386,NA,1,160,1
"lib1","RmYN02",10.20362,NA,0.89063,243,1
"lib1","SARS-CoV-1_PC4-137_PC04",10.24665,NA,0.96919,197,1
"lib1","LYRa11",10.17566,NA,1,104,1
"lib1","As6526",10.24849,NA,0.94317,183,1
"lib1","SARS-CoV-1_GZ0402_HP04",9.49429,NA,1,156,1
"lib1","SARS-CoV-1_GZ-C_HP03L",10.24798,NA,0.91159,92,1
"lib1","SARS-CoV-1_GD01_HP03L",9.81251,NA,1,136,1
"lib1","SARS-CoV-1_HGZ8L1-A_HP03E",10.14582,NA,0.95043,179,1
"lib1","GD-Pangolin",10.21303,NA,1,226,1
"lib1","SARS-CoV-1_GD03T0013_HP04",10.21194,NA,0.97582,222,1
"lib1","Yunnan2011",10.17703,NA,0.89344,279,1
"lib1","WIV1",10.21539,NA,0.97655,218,1
"lib1","SARS-CoV-1_SZ1_PC03",10.18015,NA,0.99436,196,1
"lib1","Rs4237",10.20127,NA,0.94816,219,1
"lib1","Rs4081",10.15827,NA,0.92787,229,1
"lib1","Rs7327",10.26105,NA,0.91479,221,1
"lib1","GX2013",10.17565,NA,0.96385,358,1
"lib1","Rf1",10.18649,NA,0.91382,112,1
"lib1","RaTG13",10.12732,NA,0.99904,277,1
"lib1","SARS-CoV-1_Urbani_HP03L",10.23141,NA,0.94277,101,1
"lib1","SARS-CoV-1_Sin852_HP03L",9.9332,NA,1,206,1
"lib1","JL2012",10.19356,NA,0.92624,293,1
"lib1","SARS-CoV-2",10.1779,NA,1,173,1
"lib1","RsSHC014",10.39384,NA,0.90451,136,1
"lib1","BtKY72",10.12637,NA,1,186,1
"lib1","HKU3-8",NA,NA,NA,NA,NA
"lib1",NA,10.08635,NA,0.94394,4788,1
"lib1","ZXC21",10.03525,NA,1,486,1
"lib1","HeB2013",10.08179,NA,1,227,1
"lib1","HKU3-1",10.15426,NA,1,138,1
"lib1","Longquan-140",10.11018,NA,0.93814,223,1
"lib1","BM48-31",10.26422,NA,0.88137,149,1
"lib1","YN2013",10.24623,NA,0.8936,192,1
"lib1","Shaanxi2011",10.29904,NA,0.9468,266,1
"lib1","Rs4231",10.25805,NA,0.92152,269,1
"lib1","SARS-CoV-1_PC4-13_PC04",10.22341,NA,1,230,1
"lib1","Rs4084",10.2939,NA,0.96396,182,1
"lib1","273-2005",10.01932,NA,0.92819,191,1
"lib1","SARS-CoV-1_PC4-127_PC04",9.95714,NA,1,260,1
"lib1","Rf4092",10.14671,NA,0.93322,295,1
"lib1","ZC45",10.02942,NA,1,278,1
"lib1","SARS-CoV-1_Sino1-11_HP03L",10.17309,NA,1,266,1
"lib1","HuB2013",10.25261,NA,0.90108,244,1
"lib1","Rp3",10.19185,NA,0.9822,345,1
"lib1","279-2005",10.16649,NA,0.95471,243,1
"lib1","Rs4247",10.17229,NA,0.93252,342,1
"lib1","GX-Pangolin",10.21386,NA,1,160,1
"lib1","RmYN02",10.20362,NA,0.95118,243,1
"lib1","SARS-CoV-1_PC4-137_PC04",10.24665,NA,0.97693,197,1
"lib1","LYRa11",10.17566,NA,1,104,1
"lib1","As6526",10.24849,NA,0.91694,183,1
"lib1","SARS-CoV-1_GZ0402_HP04",9.49429,NA,0.93278,156,1
"lib1","SARS-CoV-1_GZ-C_HP03L",10.24798,NA,0.93086,92,1
"lib1","SARS-CoV-1_GD01_HP03L",9.81251,NA,1,136,1
"lib1","SARS-CoV-1_HGZ8L1-A_HP03E",10.14582,NA,0.95514,179,1
"lib1","GD-Pangolin",10.21303,NA,0.96564,226,1
"lib1","SARS-CoV-1_GD03T0013_HP04",10.21194,NA,0.93529,222,1
"lib1","Yunnan2011",10.17703,NA,0.91333,279,1
"lib1","WIV1",10.21539,NA,0.97514,218,1
"lib1","SARS-CoV-1_SZ1_PC03",10.18015,NA,1,196,1
"lib1","Rs4237",10.20127,NA,1,219,1
"lib1","Rs4081",10.15827,NA,0.92794,229,1
"lib1","Rs7327",10.26105,NA,0.8992,221,1
"lib1","GX2013",10.17565,NA,0.98315,358,1
"lib1","Rf1",10.18649,NA,0.93122,112,1
"lib1","RaTG13",10.12732,NA,0.95509,277,1
"lib1","SARS-CoV-1_Urbani_HP03L",10.23141,NA,0.93422,101,1
"lib1","SARS-CoV-1_Sin852_HP03L",9.9332,NA,1,206,1
"lib1","JL2012",10.19356,NA,0.91536,293,1
"lib1","SARS-CoV-2",10.1779,NA,1,173,1
"lib1","RsSHC014",10.39384,NA,0.92814,136,1
"lib1","BtKY72",10.12637,NA,0.99902,186,1
"lib1","HKU3-8",NA,NA,NA,NA,NA
"lib1",NA,10.08635,NA,0.75673,4788,1
"lib1","ZXC21",10.03525,NA,1,486,1
"lib1","HeB2013",10.08179,NA,1,227,1
"lib1","HKU3-1",10.15426,NA,1,138,1
"lib1","Longquan-140",10.11018,NA,1,223,1
"lib1","BM48-31",10.26422,NA,0.96882,149,1
"lib1","YN2013",10.24623,NA,0.95403,192,1
"lib1","Shaanxi2011",10.29904,NA,0.99714,266,1
"lib1","Rs4231",10.25805,NA,0.99158,269,1
"lib1","SARS-CoV-1_PC4-13_PC04",10.22341,NA,1,230,1
"lib1","Rs4084",10.2939,NA,1,182,1
"lib1","273-2005",10.01932,NA,1,191,1
"lib1","SARS-CoV-1_PC4-127_PC04",9.95714,NA,1,260,1
"lib1","Rf4092",10.14671,NA,0.99707,295,1
"lib1","ZC45",10.02942,NA,1,278,1
"lib1","SARS-CoV-1_Sino1-11_HP03L",10.17309,NA,0.94121,266,1
"lib1","HuB2013",10.25261,NA,0.95288,244,1
"lib1","Rp3",10.19185,NA,1,345,1
"lib1","279-2005",10.16649,NA,1,243,1
"lib1","Rs4247",10.17229,NA,0.933,342,1
"lib1","GX-Pangolin",10.21386,NA,0.65534,160,1
"lib1","RmYN02",10.20362,NA,0.99158,243,1
"lib1","SARS-CoV-1_PC4-137_PC04",10.24665,NA,1,197,1
"lib1","LYRa11",10.17566,NA,1,104,1
"lib1","As6526",10.24849,NA,0.99158,183,1
"lib1","SARS-CoV-1_GZ0402_HP04",9.49429,NA,1,156,1
"lib1","SARS-CoV-1_GZ-C_HP03L",10.24798,NA,0.93227,92,1
"lib1","SARS-CoV-1_GD01_HP03L",9.81251,NA,0.87113,136,1
"lib1","SARS-CoV-1_HGZ8L1-A_HP03E",10.14582,NA,0.66238,179,1
"lib1","GD-Pangolin",10.21303,NA,0.33278,226,1
"lib1","SARS-CoV-1_GD03T0013_HP04",10.21194,NA,1,222,1
"lib1","Yunnan2011",10.17703,NA,0.96437,279,1
"lib1","WIV1",10.21539,NA,0.94177,218,1
"lib1","SARS-CoV-1_SZ1_PC03",10.18015,NA,1,196,1
"lib1","Rs4237",10.20127,NA,1,219,1
"lib1","Rs4081",10.15827,NA,0.95155,229,1
"lib1","Rs7327",10.26105,NA,0.95587,221,1
"lib1","GX2013",10.17565,NA,1,358,1
"lib1","Rf1",10.18649,NA,0.99718,112,1
"lib1","RaTG13",10.12732,NA,0.28909,277,1
"lib1","SARS-CoV-1_Urbani_HP03L",10.23141,NA,0.66996,101,1
"lib1","SARS-CoV-1_Sin852_HP03L",9.9332,NA,0.91812,206,1
"lib1","JL2012",10.19356,NA,0.93654,293,1
"lib1","SARS-CoV-2",10.1779,NA,0.40632,173,1
"lib1","RsSHC014",10.39384,NA,0.94324,136,1
"lib1","BtKY72",10.12637,NA,1,186,1
"lib1","HKU3-8",NA,NA,NA,NA,NA
"lib1",NA,10.08635,NA,0.17505,4788,0
"lib1","ZXC21",10.03525,NA,1,486,1
"lib1","HeB2013",10.08179,NA,1,227,1
"lib1","HKU3-1",10.15426,NA,1,138,1
"lib1","Longquan-140",10.11018,NA,0.98443,223,1
"lib1","BM48-31",10.26422,NA,0.91908,149,1
"lib1","YN2013",10.24623,NA,0.93432,192,1
"lib1","Shaanxi2011",10.29904,NA,0.91748,266,1
"lib1","Rs4231",10.25805,NA,0.89637,269,1
"lib1","SARS-CoV-1_PC4-13_PC04",10.22341,NA,1,230,1
"lib1","Rs4084",10.2939,NA,0.96132,182,1
"lib1","273-2005",10.01932,NA,0.88777,191,1
"lib1","SARS-CoV-1_PC4-127_PC04",9.95714,NA,1,260,1
"lib1","Rf4092",10.14671,NA,0.95669,295,1
"lib1","ZC45",10.02942,NA,0.92046,278,1
"lib1","SARS-CoV-1_Sino1-11_HP03L",10.17309,NA,0.04128,266,0
"lib1","HuB2013",10.25261,NA,0.83029,244,1
"lib1","Rp3",10.19185,NA,1,345,1
"lib1","279-2005",10.16649,NA,0.94578,243,1
"lib1","Rs4247",10.17229,NA,0.88566,342,1
"lib1","GX-Pangolin",10.21386,NA,0,160,0
"lib1","RmYN02",10.20362,NA,0.93728,243,1
"lib1","SARS-CoV-1_PC4-137_PC04",10.24665,NA,0.95864,197,1
"lib1","LYRa11",10.17566,NA,0.12047,104,0
"lib1","As6526",10.24849,NA,0.95888,183,1
"lib1","SARS-CoV-1_GZ0402_HP04",9.49429,NA,0.92983,156,1
"lib1","SARS-CoV-1_GZ-C_HP03L",10.24798,NA,0.05063,92,0
"lib1","SARS-CoV-1_GD01_HP03L",9.81251,NA,0,136,0
"lib1","SARS-CoV-1_HGZ8L1-A_HP03E",10.14582,NA,0,179,0
"lib1","GD-Pangolin",10.21303,NA,0,226,0
"lib1","SARS-CoV-1_GD03T0013_HP04",10.21194,NA,0.93996,222,1
"lib1","Yunnan2011",10.17703,NA,0.92684,279,1
"lib1","WIV1",10.21539,NA,0.0324,218,0
"lib1","SARS-CoV-1_SZ1_PC03",10.18015,NA,0.97795,196,1
"lib1","Rs4237",10.20127,NA,0.96769,219,1
"lib1","Rs4081",10.15827,NA,0.89185,229,1
"lib1","Rs7327",10.26105,NA,0.07376,221,0
"lib1","GX2013",10.17565,NA,0.99104,358,1
"lib1","Rf1",10.18649,NA,0.95509,112,1
"lib1","RaTG13",10.12732,NA,0,277,0
"lib1","SARS-CoV-1_Urbani_HP03L",10.23141,NA,0,101,0
"lib1","SARS-CoV-1_Sin852_HP03L",9.9332,NA,0,206,0
"lib1","JL2012",10.19356,NA,0.93631,293,1
"lib1","SARS-CoV-2",10.1779,NA,0,173,0
"lib1","RsSHC014",10.39384,NA,0.95223,136,1
"lib1","BtKY72",10.12637,NA,1,186,1
"lib1","HKU3-8",NA,NA,NA,NA,NA
"lib1",NA,10.08635,NA,0.01418,4788,0
"lib1","ZXC21",10.03525,NA,1,486,1
"lib1","HeB2013",10.08179,NA,0.95396,227,1
"lib1","HKU3-1",10.15426,NA,1,138,1
"lib1","Longquan-140",10.11018,NA,0.91547,223,1
"lib1","BM48-31",10.26422,NA,0.9298,149,1
"lib1","YN2013",10.24623,NA,0.90257,192,1
"lib1","Shaanxi2011",10.29904,NA,0.89195,266,1
"lib1","Rs4231",10.25805,NA,0.85563,269,1
"lib1","SARS-CoV-1_PC4-13_PC04",10.22341,NA,1,230,1
"lib1","Rs4084",10.2939,NA,0.91514,182,1
"lib1","273-2005",10.01932,NA,0.9258,191,1
"lib1","SARS-CoV-1_PC4-127_PC04",9.95714,NA,0.98715,260,1
"lib1","Rf4092",10.14671,NA,0.93258,295,1
"lib1","ZC45",10.02942,NA,0.95165,278,1
"lib1","SARS-CoV-1_Sino1-11_HP03L",10.17309,NA,0,266,0
"lib1","HuB2013",10.25261,NA,0.87448,244,1
"lib1","Rp3",10.19185,NA,0.98145,345,1
"lib1","279-2005",10.16649,NA,0.95097,243,1
"lib1","Rs4247",10.17229,NA,0.90386,342,1
"lib1","GX-Pangolin",10.21386,NA,0,160,0
"lib1","RmYN02",10.20362,NA,0.95422,243,1
"lib1","SARS-CoV-1_PC4-137_PC04",10.24665,NA,0.91571,197,1
"lib1","LYRa11",10.17566,NA,0,104,0
"lib1","As6526",10.24849,NA,0.92567,183,1
"lib1","SARS-CoV-1_GZ0402_HP04",9.49429,NA,0.90547,156,1
"lib1","SARS-CoV-1_GZ-C_HP03L",10.24798,NA,0,92,0
"lib1","SARS-CoV-1_GD01_HP03L",9.81251,NA,0,136,0
"lib1","SARS-CoV-1_HGZ8L1-A_HP03E",10.14582,NA,0,179,0
"lib1","GD-Pangolin",10.21303,NA,0,226,0
"lib1","SARS-CoV-1_GD03T0013_HP04",10.21194,NA,0.8665,222,1
"lib1","Yunnan2011",10.17703,NA,0.8641,279,1
"lib1","WIV1",10.21539,NA,0,218,0
"lib1","SARS-CoV-1_SZ1_PC03",10.18015,NA,0.05591,196,0
"lib1","Rs4237",10.20127,NA,0.96213,219,1
"lib1","Rs4081",10.15827,NA,0.87315,229,1
"lib1","Rs7327",10.26105,NA,0,221,0
"lib1","GX2013",10.17565,NA,0.93921,358,1
"lib1","Rf1",10.18649,NA,0.91614,112,1
"lib1","RaTG13",10.12732,NA,0,277,0
"lib1","SARS-CoV-1_Urbani_HP03L",10.23141,NA,0,101,0
"lib1","SARS-CoV-1_Sin852_HP03L",9.9332,NA,0,206,0
"lib1","JL2012",10.19356,NA,0.92827,293,1
"lib1","SARS-CoV-2",10.1779,NA,0,173,0
"lib1","RsSHC014",10.39384,NA,0.89983,136,1
"lib1","BtKY72",10.12637,NA,1,186,1
"lib1","HKU3-8",NA,NA,NA,NA,NA
"lib1",NA,10.08635,"S2K146_100",0.00641,4788,0
"lib1","ZXC21",10.03525,"S2K146_100",1,486,1
"lib1","HeB2013",10.08179,"S2K146_100",0.97256,227,1
"lib1","HKU3-1",10.15426,"S2K146_100",0.97314,138,1
"lib1","Longquan-140",10.11018,"S2K146_100",0.92612,223,1
"lib1","BM48-31",10.26422,"S2K146_100",0.90521,149,1
"lib1","YN2013",10.24623,"S2K146_100",0.88639,192,1
"lib1","Shaanxi2011",10.29904,"S2K146_100",0.87676,266,1
"lib1","Rs4231",10.25805,"S2K146_100",0.894,269,1
"lib1","SARS-CoV-1_PC4-13_PC04",10.22341,"S2K146_100",0.97168,230,1
"lib1","Rs4084",10.2939,"S2K146_100",0.89996,182,1
"lib1","273-2005",10.01932,"S2K146_100",0.90353,191,1
"lib1","SARS-CoV-1_PC4-127_PC04",9.95714,"S2K146_100",0.97888,260,1
"lib1","Rf4092",10.14671,"S2K146_100",0.93767,295,1
"lib1","ZC45",10.02942,"S2K146_100",0.91512,278,1
"lib1","SARS-CoV-1_Sino1-11_HP03L",10.17309,"S2K146_100",0,266,0
"lib1","HuB2013",10.25261,"S2K146_100",0.84658,244,1
"lib1","Rp3",10.19185,"S2K146_100",0.9168,345,1
"lib1","279-2005",10.16649,"S2K146_100",0.91265,243,1
"lib1","Rs4247",10.17229,"S2K146_100",0.89108,342,1
"lib1","GX-Pangolin",10.21386,"S2K146_100",0,160,0
"lib1","RmYN02",10.20362,"S2K146_100",0.87359,243,1
"lib1","SARS-CoV-1_PC4-137_PC04",10.24665,"S2K146_100",0.90532,197,1
"lib1","LYRa11",10.17566,"S2K146_100",0,104,0
"lib1","As6526",10.24849,"S2K146_100",0.87393,183,1
"lib1","SARS-CoV-1_GZ0402_HP04",9.49429,"S2K146_100",0.92634,156,1
"lib1","SARS-CoV-1_GZ-C_HP03L",10.24798,"S2K146_100",0,92,0
"lib1","SARS-CoV-1_GD01_HP03L",9.81251,"S2K146_100",0,136,0
"lib1","SARS-CoV-1_HGZ8L1-A_HP03E",10.14582,"S2K146_100",0,179,0
"lib1","GD-Pangolin",10.21303,"S2K146_100",0,226,0
"lib1","SARS-CoV-1_GD03T0013_HP04",10.21194,"S2K146_100",0.52926,222,1
"lib1","Yunnan2011",10.17703,"S2K146_100",0.8637,279,1
"lib1","WIV1",10.21539,"S2K146_100",0,218,0
"lib1","SARS-CoV-1_SZ1_PC03",10.18015,"S2K146_100",0,196,0
"lib1","Rs4237",10.20127,"S2K146_100",0.91481,219,1
"lib1","Rs4081",10.15827,"S2K146_100",0.79395,229,1
"lib1","Rs7327",10.26105,"S2K146_100",0,221,0
"lib1","GX2013",10.17565,"S2K146_100",0.93433,358,1
"lib1","Rf1",10.18649,"S2K146_100",0.8534,112,1
"lib1","RaTG13",10.12732,"S2K146_100",0,277,0
"lib1","SARS-CoV-1_Urbani_HP03L",10.23141,"S2K146_100",0,101,0
"lib1","SARS-CoV-1_Sin852_HP03L",9.9332,"S2K146_100",0,206,0
"lib1","JL2012",10.19356,"S2K146_100",0.90291,293,1
"lib1","SARS-CoV-2",10.1779,"S2K146_100",0,173,0
"lib1","RsSHC014",10.39384,"S2K146_100",0.83582,136,1
"lib1","BtKY72",10.12637,"S2K146_100",1,186,1
"lib1","HKU3-8",NA,"S2K146_100",NA,NA,NA
"lib1",NA,10.08635,NA,0.0061,4788,0
"lib1","ZXC21",10.03525,NA,1,486,1
"lib1","HeB2013",10.08179,NA,0.92989,227,1
"lib1","HKU3-1",10.15426,NA,0.93482,138,1
"lib1","Longquan-140",10.11018,NA,0.96711,223,1
"lib1","BM48-31",10.26422,NA,0.86416,149,1
"lib1","YN2013",10.24623,NA,0.90494,192,1
"lib1","Shaanxi2011",10.29904,NA,0.92944,266,1
"lib1","Rs4231",10.25805,NA,0.89114,269,1
"lib1","SARS-CoV-1_PC4-13_PC04",10.22341,NA,0.99817,230,1
"lib1","Rs4084",10.2939,NA,0.91422,182,1
"lib1","273-2005",10.01932,NA,0.93426,191,1
"lib1","SARS-CoV-1_PC4-127_PC04",9.95714,NA,0.92848,260,1
"lib1","Rf4092",10.14671,NA,0.9179,295,1
"lib1","ZC45",10.02942,NA,0.92542,278,1
"lib1","SARS-CoV-1_Sino1-11_HP03L",10.17309,NA,0,266,0
"lib1","HuB2013",10.25261,NA,0.82643,244,1
"lib1","Rp3",10.19185,NA,0.91112,345,1
"lib1","279-2005",10.16649,NA,0.88679,243,1
"lib1","Rs4247",10.17229,NA,0.86278,342,1
"lib1","GX-Pangolin",10.21386,NA,0,160,0
"lib1","RmYN02",10.20362,NA,0.89781,243,1
"lib1","SARS-CoV-1_PC4-137_PC04",10.24665,NA,0.92166,197,1
"lib1","LYRa11",10.17566,NA,0,104,0
"lib1","As6526",10.24849,NA,0.89915,183,1
"lib1","SARS-CoV-1_GZ0402_HP04",9.49429,NA,0.8099,156,1
"lib1","SARS-CoV-1_GZ-C_HP03L",10.24798,NA,0,92,0
"lib1","SARS-CoV-1_GD01_HP03L",9.81251,NA,0,136,0
"lib1","SARS-CoV-1_HGZ8L1-A_HP03E",10.14582,NA,0,179,0
"lib1","GD-Pangolin",10.21303,NA,0,226,0
"lib1","SARS-CoV-1_GD03T0013_HP04",10.21194,NA,0.05412,222,0
"lib1","Yunnan2011",10.17703,NA,0.88249,279,1
"lib1","WIV1",10.21539,NA,0,218,0
"lib1","SARS-CoV-1_SZ1_PC03",10.18015,NA,0,196,0
"lib1","Rs4237",10.20127,NA,0.9562,219,1
"lib1","Rs4081",10.15827,NA,0.92537,229,1
"lib1","Rs7327",10.26105,NA,0,221,0
"lib1","GX2013",10.17565,NA,0.92654,358,1
"lib1","Rf1",10.18649,NA,0.90768,112,1
"lib1","RaTG13",10.12732,NA,0,277,0
"lib1","SARS-CoV-1_Urbani_HP03L",10.23141,NA,0,101,0
"lib1","SARS-CoV-1_Sin852_HP03L",9.9332,NA,0,206,0
"lib1","JL2012",10.19356,NA,0.8698,293,1
"lib1","SARS-CoV-2",10.1779,NA,0,173,0
"lib1","RsSHC014",10.39384,NA,0.86236,136,1
"lib1","BtKY72",10.12637,NA,0.99669,186,1
"lib1","HKU3-8",NA,NA,NA,NA,NA
"lib1",NA,10.08635,NA,0.00606,4788,0
"lib1","ZXC21",10.03525,NA,1,486,1
"lib1","HeB2013",10.08179,NA,0.90763,227,1
"lib1","HKU3-1",10.15426,NA,0.89536,138,1
"lib1","Longquan-140",10.11018,NA,0.85813,223,1
"lib1","BM48-31",10.26422,NA,0.82181,149,1
"lib1","YN2013",10.24623,NA,0.8433,192,1
"lib1","Shaanxi2011",10.29904,NA,0.87329,266,1
"lib1","Rs4231",10.25805,NA,0.84699,269,1
"lib1","SARS-CoV-1_PC4-13_PC04",10.22341,NA,0.98008,230,1
"lib1","Rs4084",10.2939,NA,0.94116,182,1
"lib1","273-2005",10.01932,NA,0.86098,191,1
"lib1","SARS-CoV-1_PC4-127_PC04",9.95714,NA,0.94255,260,1
"lib1","Rf4092",10.14671,NA,0.82045,295,1
"lib1","ZC45",10.02942,NA,0.88408,278,1
"lib1","SARS-CoV-1_Sino1-11_HP03L",10.17309,NA,0,266,0
"lib1","HuB2013",10.25261,NA,0.84191,244,1
"lib1","Rp3",10.19185,NA,0.90676,345,1
"lib1","279-2005",10.16649,NA,0.79786,243,1
"lib1","Rs4247",10.17229,NA,0.83285,342,1
"lib1","GX-Pangolin",10.21386,NA,0,160,0
"lib1","RmYN02",10.20362,NA,0.86356,243,1
"lib1","SARS-CoV-1_PC4-137_PC04",10.24665,NA,0.84515,197,1
"lib1","LYRa11",10.17566,NA,0,104,0
"lib1","As6526",10.24849,NA,0.83129,183,1
"lib1","SARS-CoV-1_GZ0402_HP04",9.49429,NA,0.71595,156,1
"lib1","SARS-CoV-1_GZ-C_HP03L",10.24798,NA,0,92,0
"lib1","SARS-CoV-1_GD01_HP03L",9.81251,NA,0,136,0
"lib1","SARS-CoV-1_HGZ8L1-A_HP03E",10.14582,NA,0,179,0
"lib1","GD-Pangolin",10.21303,NA,0,226,0
"lib1","SARS-CoV-1_GD03T0013_HP04",10.21194,NA,0.00598,222,0
"lib1","Yunnan2011",10.17703,NA,0.81118,279,1
"lib1","WIV1",10.21539,NA,0,218,0
"lib1","SARS-CoV-1_SZ1_PC03",10.18015,NA,0,196,0
"lib1","Rs4237",10.20127,NA,0.86472,219,1
"lib1","Rs4081",10.15827,NA,0.8613,229,1
"lib1","Rs7327",10.26105,NA,0,221,0
"lib1","GX2013",10.17565,NA,0.8887,358,1
"lib1","Rf1",10.18649,NA,0.85072,112,1
"lib1","RaTG13",10.12732,NA,0,277,0
"lib1","SARS-CoV-1_Urbani_HP03L",10.23141,NA,0,101,0
"lib1","SARS-CoV-1_Sin852_HP03L",9.9332,NA,0,206,0
"lib1","JL2012",10.19356,NA,0.83523,293,1
"lib1","SARS-CoV-2",10.1779,NA,0,173,0
"lib1","RsSHC014",10.39384,NA,0.8717,136,1
"lib1","BtKY72",10.12637,NA,0.97107,186,1
"lib1","HKU3-8",NA,NA,NA,NA,NA
"lib1",NA,10.08635,NA,0.97725,5932,1
"lib1","ZXC21",10.03525,NA,1,578,1
"lib1","HeB2013",10.08179,NA,0.98005,296,1
"lib1","HKU3-1",10.15426,NA,0.98444,174,1
"lib1","Longquan-140",10.11018,NA,0.96926,271,1
"lib1","BM48-31",10.26422,NA,0.87216,180,1
"lib1","YN2013",10.24623,NA,0.85342,254,1
"lib1","Shaanxi2011",10.29904,NA,0.86491,337,1
"lib1","Rs4231",10.25805,NA,0.93377,327,1
"lib1","SARS-CoV-1_PC4-13_PC04",10.22341,NA,1,286,1
"lib1","Rs4084",10.2939,NA,0.98541,213,1
"lib1","273-2005",10.01932,NA,1,244,1
"lib1","SARS-CoV-1_PC4-127_PC04",9.95714,NA,1,331,1
"lib1","Rf4092",10.14671,NA,0.89788,364,1
"lib1","ZC45",10.02942,NA,0.93296,340,1
"lib1","SARS-CoV-1_Sino1-11_HP03L",10.17309,NA,1,328,1
"lib1","Rs4247",10.17229,NA,0.85308,425,1
"lib1","HuB2013",10.25261,NA,0.85776,308,1
"lib1","Rp3",10.19185,NA,0.93873,413,1
"lib1","As6526",10.24849,NA,0.92313,224,1
"lib1","279-2005",10.16649,NA,0.83798,292,1
"lib1","GX-Pangolin",10.21386,NA,1,188,1
"lib1","RmYN02",10.20362,NA,0.8694,302,1
"lib1","SARS-CoV-1_PC4-137_PC04",10.24665,NA,0.90029,253,1
"lib1","LYRa11",10.17566,NA,1,128,1
"lib1","SARS-CoV-1_GZ0402_HP04",9.49429,NA,1,183,1
"lib1","SARS-CoV-1_GZ-C_HP03L",10.24798,NA,0.90467,115,1
"lib1","SARS-CoV-1_GD01_HP03L",9.81251,NA,1,171,1
"lib1","SARS-CoV-1_HGZ8L1-A_HP03E",10.14582,NA,0.83508,221,1
"lib1","GD-Pangolin",10.21303,NA,0.99659,307,1
"lib1","Rs7327",10.26105,NA,0.87034,268,1
"lib1","Yunnan2011",10.17703,NA,0.89158,359,1
"lib1","WIV1",10.21539,NA,0.97265,263,1
"lib1","SARS-CoV-1_SZ1_PC03",10.18015,NA,0.97733,232,1
"lib1","Rs4237",10.20127,NA,0.90856,282,1
"lib1","SARS-CoV-1_Sin852_HP03L",9.9332,NA,1,259,1
"lib1","Rs4081",10.15827,NA,0.82182,286,1
"lib1","GX2013",10.17565,NA,0.98012,449,1
"lib1","Rf1",10.18649,NA,0.86729,138,1
"lib1","RaTG13",10.12732,NA,0.86541,327,1
"lib1","SARS-CoV-1_Urbani_HP03L",10.23141,NA,0.91786,123,1
"lib1","JL2012",10.19356,NA,0.90828,376,1
"lib1","BtKY72",10.12637,NA,1,232,1
"lib1","SARS-CoV-2",10.1779,NA,1,212,1
"lib1","RsSHC014",10.39384,NA,0.86192,169,1
"lib1","SARS-CoV-1_GD03T0013_HP04",10.21194,NA,0.9213,291,1
"lib1","HKU3-8",NA,NA,NA,NA,NA
"lib1",NA,10.08635,NA,0.93156,5932,1
"lib1","ZXC21",10.03525,NA,1,578,1
"lib1","HeB2013",10.08179,NA,1,296,1
"lib1","HKU3-1",10.15426,NA,0.97146,174,1
"lib1","Longquan-140",10.11018,NA,0.96681,271,1
"lib1","BM48-31",10.26422,NA,0.89548,180,1
"lib1","YN2013",10.24623,NA,0.85212,254,1
"lib1","Shaanxi2011",10.29904,NA,0.89634,337,1
"lib1","Rs4231",10.25805,NA,0.96434,327,1
"lib1","SARS-CoV-1_PC4-13_PC04",10.22341,NA,1,286,1
"lib1","Rs4084",10.2939,NA,1,213,1
"lib1","273-2005",10.01932,NA,0.98189,244,1
"lib1","SARS-CoV-1_PC4-127_PC04",9.95714,NA,1,331,1
"lib1","Rf4092",10.14671,NA,0.91373,364,1
"lib1","ZC45",10.02942,NA,0.92116,340,1
"lib1","SARS-CoV-1_Sino1-11_HP03L",10.17309,NA,1,328,1
"lib1","Rs4247",10.17229,NA,0.85741,425,1
"lib1","HuB2013",10.25261,NA,0.86962,308,1
"lib1","Rp3",10.19185,NA,0.92726,413,1
"lib1","As6526",10.24849,NA,0.96215,224,1
"lib1","279-2005",10.16649,NA,0.83797,292,1
"lib1","GX-Pangolin",10.21386,NA,0.04946,188,0
"lib1","RmYN02",10.20362,NA,0.87356,302,1
"lib1","SARS-CoV-1_PC4-137_PC04",10.24665,NA,0.9364,253,1
"lib1","LYRa11",10.17566,NA,1,128,1
"lib1","SARS-CoV-1_GZ0402_HP04",9.49429,NA,1,183,1
"lib1","SARS-CoV-1_GZ-C_HP03L",10.24798,NA,0.87158,115,1
"lib1","SARS-CoV-1_GD01_HP03L",9.81251,NA,1,171,1
"lib1","SARS-CoV-1_HGZ8L1-A_HP03E",10.14582,NA,0.89709,221,1
"lib1","GD-Pangolin",10.21303,NA,0.64248,307,1
"lib1","Rs7327",10.26105,NA,0.88857,268,1
"lib1","Yunnan2011",10.17703,NA,0.88023,359,1
"lib1","WIV1",10.21539,NA,0.97538,263,1
"lib1","SARS-CoV-1_SZ1_PC03",10.18015,NA,1,232,1
"lib1","Rs4237",10.20127,NA,0.9213,282,1
"lib1","SARS-CoV-1_Sin852_HP03L",9.9332,NA,1,259,1
"lib1","Rs4081",10.15827,NA,0.85839,286,1
"lib1","GX2013",10.17565,NA,0.97632,449,1
"lib1","Rf1",10.18649,NA,0.84096,138,1
"lib1","RaTG13",10.12732,NA,0,327,0
"lib1","SARS-CoV-1_Urbani_HP03L",10.23141,NA,0.88703,123,1
"lib1","JL2012",10.19356,NA,0.92542,376,1
"lib1","BtKY72",10.12637,NA,1,232,1
"lib1","SARS-CoV-2",10.1779,NA,0.68968,212,1
"lib1","RsSHC014",10.39384,NA,0.88661,169,1
"lib1","SARS-CoV-1_GD03T0013_HP04",10.21194,NA,0.9337,291,1
"lib1","HKU3-8",NA,NA,NA,NA,NA
"lib1",NA,10.08635,NA,0.90622,5932,1
"lib1","ZXC21",10.03525,NA,1,578,1
"lib1","HeB2013",10.08179,NA,0.97629,296,1
"lib1","HKU3-1",10.15426,NA,1,174,1
"lib1","Longquan-140",10.11018,NA,0.98887,271,1
"lib1","BM48-31",10.26422,NA,0.91494,180,1
"lib1","YN2013",10.24623,NA,0.91554,254,1
"lib1","Shaanxi2011",10.29904,NA,0.89666,337,1
"lib1","Rs4231",10.25805,NA,0.90998,327,1
"lib1","SARS-CoV-1_PC4-13_PC04",10.22341,NA,1,286,1
"lib1","Rs4084",10.2939,NA,0.98819,213,1
"lib1","273-2005",10.01932,NA,0.9695,244,1
"lib1","SARS-CoV-1_PC4-127_PC04",9.95714,NA,1,331,1
"lib1","Rf4092",10.14671,NA,0.91004,364,1
"lib1","ZC45",10.02942,NA,0.93834,340,1
"lib1","SARS-CoV-1_Sino1-11_HP03L",10.17309,NA,1,328,1
"lib1","Rs4247",10.17229,NA,0.84581,425,1
"lib1","HuB2013",10.25261,NA,0.87534,308,1
"lib1","Rp3",10.19185,NA,0.95237,413,1
"lib1","As6526",10.24849,NA,0.95072,224,1
"lib1","279-2005",10.16649,NA,0.88013,292,1
"lib1","GX-Pangolin",10.21386,NA,0,188,0
"lib1","RmYN02",10.20362,NA,0.93616,302,1
"lib1","SARS-CoV-1_PC4-137_PC04",10.24665,NA,0.90216,253,1
"lib1","LYRa11",10.17566,NA,0.99124,128,1
"lib1","SARS-CoV-1_GZ0402_HP04",9.49429,NA,0.99025,183,1
"lib1","SARS-CoV-1_GZ-C_HP03L",10.24798,NA,0.93509,115,1
"lib1","SARS-CoV-1_GD01_HP03L",9.81251,NA,0.99127,171,1
"lib1","SARS-CoV-1_HGZ8L1-A_HP03E",10.14582,NA,0.86814,221,1
"lib1","GD-Pangolin",10.21303,NA,0.07794,307,0
"lib1","Rs7327",10.26105,NA,0.86329,268,1
"lib1","Yunnan2011",10.17703,NA,0.88745,359,1
"lib1","WIV1",10.21539,NA,0.95498,263,1
"lib1","SARS-CoV-1_SZ1_PC03",10.18015,NA,0.99269,232,1
"lib1","Rs4237",10.20127,NA,0.94928,282,1
"lib1","SARS-CoV-1_Sin852_HP03L",9.9332,NA,1,259,1
"lib1","Rs4081",10.15827,NA,0.82098,286,1
"lib1","GX2013",10.17565,NA,1,449,1
"lib1","Rf1",10.18649,NA,0.87353,138,1
"lib1","RaTG13",10.12732,NA,0,327,0
"lib1","SARS-CoV-1_Urbani_HP03L",10.23141,NA,0.90468,123,1
"lib1","JL2012",10.19356,NA,0.95379,376,1
"lib1","BtKY72",10.12637,NA,1,232,1
"lib1","SARS-CoV-2",10.1779,NA,0.0601,212,0
"lib1","RsSHC014",10.39384,NA,0.83699,169,1
"lib1","SARS-CoV-1_GD03T0013_HP04",10.21194,NA,0.93382,291,1
"lib1","HKU3-8",NA,NA,NA,NA,NA
"lib1",NA,10.08635,NA,0.86486,5932,1
"lib1","ZXC21",10.03525,NA,1,578,1
"lib1","HeB2013",10.08179,NA,0.9686,296,1
"lib1","HKU3-1",10.15426,NA,0.98276,174,1
"lib1","Longquan-140",10.11018,NA,0.93473,271,1
"lib1","BM48-31",10.26422,NA,0.87495,180,1
"lib1","YN2013",10.24623,NA,0.82318,254,1
"lib1","Shaanxi2011",10.29904,NA,0.86026,337,1
"lib1","Rs4231",10.25805,NA,0.91212,327,1
"lib1","SARS-CoV-1_PC4-13_PC04",10.22341,NA,1,286,1
"lib1","Rs4084",10.2939,NA,0.96434,213,1
"lib1","273-2005",10.01932,NA,0.97586,244,1
"lib1","SARS-CoV-1_PC4-127_PC04",9.95714,NA,1,331,1
"lib1","Rf4092",10.14671,NA,0.9088,364,1
"lib1","ZC45",10.02942,NA,0.93864,340,1
"lib1","SARS-CoV-1_Sino1-11_HP03L",10.17309,NA,1,328,1
"lib1","Rs4247",10.17229,NA,0.82686,425,1
"lib1","HuB2013",10.25261,NA,0.83185,308,1
"lib1","Rp3",10.19185,NA,0.95381,413,1
"lib1","As6526",10.24849,NA,0.94776,224,1
"lib1","279-2005",10.16649,NA,0.85235,292,1
"lib1","GX-Pangolin",10.21386,NA,0,188,0
"lib1","RmYN02",10.20362,NA,0.84696,302,1
"lib1","SARS-CoV-1_PC4-137_PC04",10.24665,NA,0.88075,253,1
"lib1","LYRa11",10.17566,NA,1,128,1
"lib1","SARS-CoV-1_GZ0402_HP04",9.49429,NA,1,183,1
"lib1","SARS-CoV-1_GZ-C_HP03L",10.24798,NA,0.90286,115,1
"lib1","SARS-CoV-1_GD01_HP03L",9.81251,NA,1,171,1
"lib1","SARS-CoV-1_HGZ8L1-A_HP03E",10.14582,NA,0.78485,221,1
"lib1","GD-Pangolin",10.21303,NA,0,307,0
"lib1","Rs7327",10.26105,NA,0.8791,268,1
"lib1","Yunnan2011",10.17703,NA,0.85191,359,1
"lib1","WIV1",10.21539,NA,0.94443,263,1
"lib1","SARS-CoV-1_SZ1_PC03",10.18015,NA,0.9938,232,1
"lib1","Rs4237",10.20127,NA,0.91539,282,1
"lib1","SARS-CoV-1_Sin852_HP03L",9.9332,NA,1,259,1
"lib1","Rs4081",10.15827,NA,0.82962,286,1
"lib1","GX2013",10.17565,NA,0.94838,449,1
"lib1","Rf1",10.18649,NA,0.85644,138,1
"lib1","RaTG13",10.12732,NA,0,327,0
"lib1","SARS-CoV-1_Urbani_HP03L",10.23141,NA,0.77908,123,1
"lib1","JL2012",10.19356,NA,0.89444,376,1
"lib1","BtKY72",10.12637,NA,1,232,1
"lib1","SARS-CoV-2",10.1779,NA,0,212,0
"lib1","RsSHC014",10.39384,NA,0.84475,169,1
"lib1","SARS-CoV-1_GD03T0013_HP04",10.21194,NA,0.91702,291,1
"lib1","HKU3-8",NA,NA,NA,NA,NA
"lib1",NA,10.08635,NA,0.78016,5932,1
"lib1","ZXC21",10.03525,NA,1,578,1
"lib1","HeB2013",10.08179,NA,0.97589,296,1
"lib1","HKU3-1",10.15426,NA,0.972,174,1
"lib1","Longquan-140",10.11018,NA,0.95714,271,1
"lib1","BM48-31",10.26422,NA,0.84921,180,1
"lib1","YN2013",10.24623,NA,0.86072,254,1
"lib1","Shaanxi2011",10.29904,NA,0.89092,337,1
"lib1","Rs4231",10.25805,NA,0.94738,327,1
"lib1","SARS-CoV-1_PC4-13_PC04",10.22341,NA,1,286,1
"lib1","Rs4084",10.2939,NA,0.97561,213,1
"lib1","273-2005",10.01932,NA,0.99822,244,1
"lib1","SARS-CoV-1_PC4-127_PC04",9.95714,NA,0.99516,331,1
"lib1","Rf4092",10.14671,NA,0.90555,364,1
"lib1","ZC45",10.02942,NA,0.93178,340,1
"lib1","SARS-CoV-1_Sino1-11_HP03L",10.17309,NA,0.91859,328,1
"lib1","Rs4247",10.17229,NA,0.84032,425,1
"lib1","HuB2013",10.25261,NA,0.86096,308,1
"lib1","Rp3",10.19185,NA,0.94305,413,1
"lib1","As6526",10.24849,NA,0.91634,224,1
"lib1","279-2005",10.16649,NA,0.8373,292,1
"lib1","GX-Pangolin",10.21386,NA,0,188,0
"lib1","RmYN02",10.20362,NA,0.84442,302,1
"lib1","SARS-CoV-1_PC4-137_PC04",10.24665,NA,0.90432,253,1
"lib1","LYRa11",10.17566,NA,1,128,1
"lib1","SARS-CoV-1_GZ0402_HP04",9.49429,NA,0.99922,183,1
"lib1","SARS-CoV-1_GZ-C_HP03L",10.24798,NA,0.13687,115,0
"lib1","SARS-CoV-1_GD01_HP03L",9.81251,NA,0.41061,171,1
"lib1","SARS-CoV-1_HGZ8L1-A_HP03E",10.14582,NA,0.11098,221,0
"lib1","GD-Pangolin",10.21303,NA,0,307,0
"lib1","Rs7327",10.26105,NA,0.87726,268,1
"lib1","Yunnan2011",10.17703,NA,0.86932,359,1
"lib1","WIV1",10.21539,NA,0.93754,263,1
"lib1","SARS-CoV-1_SZ1_PC03",10.18015,NA,0.9743,232,1
"lib1","Rs4237",10.20127,NA,0.90584,282,1
"lib1","SARS-CoV-1_Sin852_HP03L",9.9332,NA,0.27374,259,1
"lib1","Rs4081",10.15827,NA,0.8434,286,1
"lib1","GX2013",10.17565,NA,0.96747,449,1
"lib1","Rf1",10.18649,NA,0.86051,138,1
"lib1","RaTG13",10.12732,NA,0,327,0
"lib1","SARS-CoV-1_Urbani_HP03L",10.23141,NA,0.09141,123,0
"lib1","JL2012",10.19356,NA,0.9169,376,1
"lib1","BtKY72",10.12637,NA,1,232,1
"lib1","SARS-CoV-2",10.1779,NA,0,212,0
"lib1","RsSHC014",10.39384,NA,0.84881,169,1
"lib1","SARS-CoV-1_GD03T0013_HP04",10.21194,NA,0.92896,291,1
"lib1","HKU3-8",NA,NA,NA,NA,NA
"lib1",NA,10.08635,NA,0.72546,5932,1
"lib1","ZXC21",10.03525,NA,1,578,1
"lib1","HeB2013",10.08179,NA,0.93595,296,1
"lib1","HKU3-1",10.15426,NA,0.9396,174,1
"lib1","Longquan-140",10.11018,NA,0.89628,271,1
"lib1","BM48-31",10.26422,NA,0.86303,180,1
"lib1","YN2013",10.24623,NA,0.80296,254,1
"lib1","Shaanxi2011",10.29904,NA,0.79901,337,1
"lib1","Rs4231",10.25805,NA,0.90315,327,1
"lib1","SARS-CoV-1_PC4-13_PC04",10.22341,NA,1,286,1
"lib1","Rs4084",10.2939,NA,0.92007,213,1
"lib1","273-2005",10.01932,NA,0.93348,244,1
"lib1","SARS-CoV-1_PC4-127_PC04",9.95714,NA,0.95738,331,1
"lib1","Rf4092",10.14671,NA,0.86766,364,1
"lib1","ZC45",10.02942,NA,0.9132,340,1
"lib1","SARS-CoV-1_Sino1-11_HP03L",10.17309,NA,0.04602,328,0
"lib1","Rs4247",10.17229,NA,0.81253,425,1
"lib1","HuB2013",10.25261,NA,0.8198,308,1
"lib1","Rp3",10.19185,NA,0.86752,413,1
"lib1","As6526",10.24849,NA,0.8592,224,1
"lib1","279-2005",10.16649,NA,0.80842,292,1
"lib1","GX-Pangolin",10.21386,NA,0,188,0
"lib1","RmYN02",10.20362,NA,0.88622,302,1
"lib1","SARS-CoV-1_PC4-137_PC04",10.24665,NA,0.86489,253,1
"lib1","LYRa11",10.17566,NA,1,128,1
"lib1","SARS-CoV-1_GZ0402_HP04",9.49429,NA,0.97229,183,1
"lib1","SARS-CoV-1_GZ-C_HP03L",10.24798,NA,0,115,0
"lib1","SARS-CoV-1_GD01_HP03L",9.81251,NA,0.01501,171,0
"lib1","SARS-CoV-1_HGZ8L1-A_HP03E",10.14582,NA,0,221,0
"lib1","GD-Pangolin",10.21303,NA,0,307,0
"lib1","Rs7327",10.26105,NA,0.87324,268,1
"lib1","Yunnan2011",10.17703,NA,0.83539,359,1
"lib1","WIV1",10.21539,NA,0.89208,263,1
"lib1","SARS-CoV-1_SZ1_PC03",10.18015,NA,0.90265,232,1
"lib1","Rs4237",10.20127,NA,0.84771,282,1
"lib1","SARS-CoV-1_Sin852_HP03L",9.9332,NA,0.00254,259,0
"lib1","Rs4081",10.15827,NA,0.79974,286,1
"lib1","GX2013",10.17565,NA,0.9321,449,1
"lib1","Rf1",10.18649,NA,0.82528,138,1
"lib1","RaTG13",10.12732,NA,0,327,0
"lib1","SARS-CoV-1_Urbani_HP03L",10.23141,NA,0,123,0
"lib1","JL2012",10.19356,NA,0.86994,376,1
"lib1","BtKY72",10.12637,NA,1,232,1
"lib1","SARS-CoV-2",10.1779,NA,0,212,0
"lib1","RsSHC014",10.39384,NA,0.80935,169,1
"lib1","SARS-CoV-1_GD03T0013_HP04",10.21194,NA,0.86241,291,1
"lib1","HKU3-8",NA,NA,NA,NA,NA
"lib1",NA,10.08635,NA,0.66966,5932,1
"lib1","ZXC21",10.03525,NA,1,578,1
"lib1","HeB2013",10.08179,NA,0.93125,296,1
"lib1","HKU3-1",10.15426,NA,0.92836,174,1
"lib1","Longquan-140",10.11018,NA,0.87136,271,1
"lib1","BM48-31",10.26422,NA,0.78212,180,1
"lib1","YN2013",10.24623,NA,0.77574,254,1
"lib1","Shaanxi2011",10.29904,NA,0.77226,337,1
"lib1","Rs4231",10.25805,NA,0.85381,327,1
"lib1","SARS-CoV-1_PC4-13_PC04",10.22341,NA,1,286,1
"lib1","Rs4084",10.2939,NA,0.91755,213,1
"lib1","273-2005",10.01932,NA,0.93333,244,1
"lib1","SARS-CoV-1_PC4-127_PC04",9.95714,NA,0.9514,331,1
"lib1","Rf4092",10.14671,NA,0.8394,364,1
"lib1","ZC45",10.02942,NA,0.86279,340,1
"lib1","SARS-CoV-1_Sino1-11_HP03L",10.17309,NA,0,328,0
"lib1","Rs4247",10.17229,NA,0.77145,425,1
"lib1","HuB2013",10.25261,NA,0.80346,308,1
"lib1","Rp3",10.19185,NA,0.86464,413,1
"lib1","As6526",10.24849,NA,0.79438,224,1
"lib1","279-2005",10.16649,NA,0.79106,292,1
"lib1","GX-Pangolin",10.21386,NA,0,188,0
"lib1","RmYN02",10.20362,NA,0.8038,302,1
"lib1","SARS-CoV-1_PC4-137_PC04",10.24665,NA,0.85837,253,1
"lib1","LYRa11",10.17566,NA,0.24825,128,1
"lib1","SARS-CoV-1_GZ0402_HP04",9.49429,NA,0.95038,183,1
"lib1","SARS-CoV-1_GZ-C_HP03L",10.24798,NA,0,115,0
"lib1","SARS-CoV-1_GD01_HP03L",9.81251,NA,0,171,0
"lib1","SARS-CoV-1_HGZ8L1-A_HP03E",10.14582,NA,0,221,0
"lib1","GD-Pangolin",10.21303,NA,0,307,0
"lib1","Rs7327",10.26105,NA,0.22352,268,1
"lib1","Yunnan2011",10.17703,NA,0.81914,359,1
"lib1","WIV1",10.21539,NA,0.09425,263,0
"lib1","SARS-CoV-1_SZ1_PC03",10.18015,NA,0.05982,232,0
"lib1","Rs4237",10.20127,NA,0.83058,282,1
"lib1","SARS-CoV-1_Sin852_HP03L",9.9332,NA,0,259,0
"lib1","Rs4081",10.15827,NA,0.78642,286,1
"lib1","GX2013",10.17565,NA,0.88935,449,1
"lib1","Rf1",10.18649,NA,0.77664,138,1
"lib1","RaTG13",10.12732,NA,0,327,0
"lib1","SARS-CoV-1_Urbani_HP03L",10.23141,NA,0,123,0
"lib1","JL2012",10.19356,NA,0.87536,376,1
"lib1","BtKY72",10.12637,NA,1,232,1
"lib1","SARS-CoV-2",10.1779,NA,0,212,0
"lib1","RsSHC014",10.39384,NA,0.7832,169,1
"lib1","SARS-CoV-1_GD03T0013_HP04",10.21194,NA,0.8764,291,1
"lib1","HKU3-8",NA,NA,NA,NA,NA
"lib1",NA,10.08635,NA,0.50121,5932,1
"lib1","ZXC21",10.03525,NA,1,578,1
"lib1","HeB2013",10.08179,NA,0.91548,296,1
"lib1","HKU3-1",10.15426,NA,0.90848,174,1
"lib1","Longquan-140",10.11018,NA,0.90055,271,1
"lib1","BM48-31",10.26422,NA,0.79925,180,1
"lib1","YN2013",10.24623,NA,0.81232,254,1
"lib1","Shaanxi2011",10.29904,NA,0.77262,337,1
"lib1","Rs4231",10.25805,NA,0.52842,327,1
"lib1","SARS-CoV-1_PC4-13_PC04",10.22341,NA,0.70939,286,1
"lib1","Rs4084",10.2939,NA,0.65698,213,1
"lib1","273-2005",10.01932,NA,0.92465,244,1
"lib1","SARS-CoV-1_PC4-127_PC04",9.95714,NA,0.69081,331,1
"lib1","Rf4092",10.14671,NA,0.82491,364,1
"lib1","ZC45",10.02942,NA,0.89369,340,1
"lib1","SARS-CoV-1_Sino1-11_HP03L",10.17309,NA,0,328,0
"lib1","Rs4247",10.17229,NA,0.80012,425,1
"lib1","HuB2013",10.25261,NA,0.81036,308,1
"lib1","Rp3",10.19185,NA,0.85551,413,1
"lib1","As6526",10.24849,NA,0.83232,224,1
"lib1","279-2005",10.16649,NA,0.78388,292,1
"lib1","GX-Pangolin",10.21386,NA,0,188,0
"lib1","RmYN02",10.20362,NA,0.82435,302,1
"lib1","SARS-CoV-1_PC4-137_PC04",10.24665,NA,0.59217,253,1
"lib1","LYRa11",10.17566,NA,0.00498,128,0
"lib1","SARS-CoV-1_GZ0402_HP04",9.49429,NA,0.80707,183,1
"lib1","SARS-CoV-1_GZ-C_HP03L",10.24798,NA,0,115,0
"lib1","SARS-CoV-1_GD01_HP03L",9.81251,NA,0,171,0
"lib1","SARS-CoV-1_HGZ8L1-A_HP03E",10.14582,NA,0,221,0
"lib1","GD-Pangolin",10.21303,NA,0,307,0
"lib1","Rs7327",10.26105,NA,0.00508,268,0
"lib1","Yunnan2011",10.17703,NA,0.84043,359,1
"lib1","WIV1",10.21539,NA,0,263,0
"lib1","SARS-CoV-1_SZ1_PC03",10.18015,NA,0,232,0
"lib1","Rs4237",10.20127,NA,0.82544,282,1
"lib1","SARS-CoV-1_Sin852_HP03L",9.9332,NA,0,259,0
"lib1","Rs4081",10.15827,NA,0.79985,286,1
"lib1","GX2013",10.17565,NA,0.86107,449,1
"lib1","Rf1",10.18649,NA,0.76799,138,1
"lib1","RaTG13",10.12732,NA,0,327,0
"lib1","SARS-CoV-1_Urbani_HP03L",10.23141,NA,0,123,0
"lib1","JL2012",10.19356,NA,0.85162,376,1
"lib1","BtKY72",10.12637,NA,1,232,1
"lib1","SARS-CoV-2",10.1779,NA,0,212,0
"lib1","RsSHC014",10.39384,NA,0.54497,169,1
"lib1","SARS-CoV-1_GD03T0013_HP04",10.21194,NA,0.65828,291,1
"lib1","HKU3-8",NA,NA,NA,NA,NA
"lib1",NA,10.08635,NA,0.97142,5932,1
"lib1","ZXC21",10.03525,NA,1,578,1
"lib1","HeB2013",10.08179,NA,0.94526,296,1
"lib1","HKU3-1",10.15426,NA,0.99983,174,1
"lib1","Longquan-140",10.11018,NA,0.98053,271,1
"lib1","BM48-31",10.26422,NA,0.91104,180,1
"lib1","YN2013",10.24623,NA,0.90062,254,1
"lib1","Shaanxi2011",10.29904,NA,0.87958,337,1
"lib1","Rs4231",10.25805,NA,0.95144,327,1
"lib1","SARS-CoV-1_PC4-13_PC04",10.22341,NA,1,286,1
"lib1","Rs4084",10.2939,NA,0.98793,213,1
"lib1","273-2005",10.01932,NA,0.96931,244,1
"lib1","SARS-CoV-1_PC4-127_PC04",9.95714,NA,0.97574,331,1
"lib1","Rf4092",10.14671,NA,0.9193,364,1
"lib1","ZC45",10.02942,NA,0.89259,340,1
"lib1","SARS-CoV-1_Sino1-11_HP03L",10.17309,NA,1,328,1
"lib1","Rs4247",10.17229,NA,0.84251,425,1
"lib1","HuB2013",10.25261,NA,0.87576,308,1
"lib1","Rp3",10.19185,NA,0.93457,413,1
"lib1","As6526",10.24849,NA,0.96484,224,1
"lib1","279-2005",10.16649,NA,0.83807,292,1
"lib1","GX-Pangolin",10.21386,NA,1,188,1
"lib1","RmYN02",10.20362,NA,0.91987,302,1
"lib1","SARS-CoV-1_PC4-137_PC04",10.24665,NA,0.92209,253,1
"lib1","LYRa11",10.17566,NA,1,128,1
"lib1","SARS-CoV-1_GZ0402_HP04",9.49429,NA,0.9819,183,1
"lib1","SARS-CoV-1_GZ-C_HP03L",10.24798,NA,0.91072,115,1
"lib1","SARS-CoV-1_GD01_HP03L",9.81251,NA,1,171,1
"lib1","SARS-CoV-1_HGZ8L1-A_HP03E",10.14582,NA,0.83011,221,1
"lib1","GD-Pangolin",10.21303,NA,0.98876,307,1
"lib1","Rs7327",10.26105,NA,0.88069,268,1
"lib1","Yunnan2011",10.17703,NA,0.89244,359,1
"lib1","WIV1",10.21539,NA,0.94096,263,1
"lib1","SARS-CoV-1_SZ1_PC03",10.18015,NA,0.97716,232,1
"lib1","Rs4237",10.20127,NA,0.91178,282,1
"lib1","SARS-CoV-1_Sin852_HP03L",9.9332,NA,1,259,1
"lib1","Rs4081",10.15827,NA,0.8452,286,1
"lib1","GX2013",10.17565,NA,0.99174,449,1
"lib1","Rf1",10.18649,NA,0.83944,138,1
"lib1","RaTG13",10.12732,NA,0.84879,327,1
"lib1","SARS-CoV-1_Urbani_HP03L",10.23141,NA,0.88718,123,1
"lib1","JL2012",10.19356,NA,0.89864,376,1
"lib1","BtKY72",10.12637,NA,1,232,1
"lib1","SARS-CoV-2",10.1779,NA,1,212,1
"lib1","RsSHC014",10.39384,NA,0.86753,169,1
"lib1","SARS-CoV-1_GD03T0013_HP04",10.21194,NA,0.91834,291,1
"lib1","HKU3-8",NA,NA,NA,NA,NA
"lib1",NA,10.08635,NA,0.91252,5932,1
"lib1","ZXC21",10.03525,NA,1,578,1
"lib1","HeB2013",10.08179,NA,0.96592,296,1
"lib1","HKU3-1",10.15426,NA,0.98798,174,1
"lib1","Longquan-140",10.11018,NA,0.98048,271,1
"lib1","BM48-31",10.26422,NA,0.86945,180,1
"lib1","YN2013",10.24623,NA,0.885,254,1
"lib1","Shaanxi2011",10.29904,NA,0.87106,337,1
"lib1","Rs4231",10.25805,NA,0.94343,327,1
"lib1","SARS-CoV-1_PC4-13_PC04",10.22341,NA,1,286,1
"lib1","Rs4084",10.2939,NA,0.99674,213,1
"lib1","273-2005",10.01932,NA,0.98524,244,1
"lib1","SARS-CoV-1_PC4-127_PC04",9.95714,NA,1,331,1
"lib1","Rf4092",10.14671,NA,0.91508,364,1
"lib1","ZC45",10.02942,NA,0.91608,340,1
"lib1","SARS-CoV-1_Sino1-11_HP03L",10.17309,NA,1,328,1
"lib1","Rs4247",10.17229,NA,0.83549,425,1
"lib1","HuB2013",10.25261,NA,0.8447,308,1
"lib1","Rp3",10.19185,NA,0.94353,413,1
"lib1","As6526",10.24849,NA,0.92607,224,1
"lib1","279-2005",10.16649,NA,0.87114,292,1
"lib1","GX-Pangolin",10.21386,NA,0,188,0
"lib1","RmYN02",10.20362,NA,0.87458,302,1
"lib1","SARS-CoV-1_PC4-137_PC04",10.24665,NA,0.9205,253,1
"lib1","LYRa11",10.17566,NA,1,128,1
"lib1","SARS-CoV-1_GZ0402_HP04",9.49429,NA,1,183,1
"lib1","SARS-CoV-1_GZ-C_HP03L",10.24798,NA,0.90091,115,1
"lib1","SARS-CoV-1_GD01_HP03L",9.81251,NA,1,171,1
"lib1","SARS-CoV-1_HGZ8L1-A_HP03E",10.14582,NA,0.83197,221,1
"lib1","GD-Pangolin",10.21303,NA,0,307,0
"lib1","Rs7327",10.26105,NA,0.84448,268,1
"lib1","Yunnan2011",10.17703,NA,0.88682,359,1
"lib1","WIV1",10.21539,NA,0.91879,263,1
"lib1","SARS-CoV-1_SZ1_PC03",10.18015,NA,1,232,1
"lib1","Rs4237",10.20127,NA,0.88116,282,1
"lib1","SARS-CoV-1_Sin852_HP03L",9.9332,NA,1,259,1
"lib1","Rs4081",10.15827,NA,0.82988,286,1
"lib1","GX2013",10.17565,NA,0.97107,449,1
"lib1","Rf1",10.18649,NA,0.83316,138,1
"lib1","RaTG13",10.12732,NA,0.12357,327,0
"lib1","SARS-CoV-1_Urbani_HP03L",10.23141,NA,0.88174,123,1
"lib1","JL2012",10.19356,NA,0.8867,376,1
"lib1","BtKY72",10.12637,NA,1,232,1
"lib1","SARS-CoV-2",10.1779,NA,0,212,0
"lib1","RsSHC014",10.39384,NA,0.83635,169,1
"lib1","SARS-CoV-1_GD03T0013_HP04",10.21194,NA,0.95085,291,1
"lib1","HKU3-8",NA,NA,NA,NA,NA
"lib1",NA,10.08635,NA,0.9111,5932,1
"lib1","ZXC21",10.03525,NA,1,578,1
"lib1","HeB2013",10.08179,NA,0.98626,296,1
"lib1","HKU3-1",10.15426,NA,0.97964,174,1
"lib1","Longquan-140",10.11018,NA,1,271,1
"lib1","BM48-31",10.26422,NA,0.89016,180,1
"lib1","YN2013",10.24623,NA,0.87071,254,1
"lib1","Shaanxi2011",10.29904,NA,0.89344,337,1
"lib1","Rs4231",10.25805,NA,0.94577,327,1
"lib1","SARS-CoV-1_PC4-13_PC04",10.22341,NA,1,286,1
"lib1","Rs4084",10.2939,NA,1,213,1
"lib1","273-2005",10.01932,NA,0.97102,244,1
"lib1","SARS-CoV-1_PC4-127_PC04",9.95714,NA,1,331,1
"lib1","Rf4092",10.14671,NA,0.89393,364,1
"lib1","ZC45",10.02942,NA,0.8808,340,1
"lib1","SARS-CoV-1_Sino1-11_HP03L",10.17309,NA,1,328,1
"lib1","Rs4247",10.17229,NA,0.82068,425,1
"lib1","HuB2013",10.25261,NA,0.84418,308,1
"lib1","Rp3",10.19185,NA,0.95088,413,1
"lib1","As6526",10.24849,NA,0.9365,224,1
"lib1","279-2005",10.16649,NA,0.83332,292,1
"lib1","GX-Pangolin",10.21386,NA,0,188,0
"lib1","RmYN02",10.20362,NA,0.86789,302,1
"lib1","SARS-CoV-1_PC4-137_PC04",10.24665,NA,0.88057,253,1
"lib1","LYRa11",10.17566,NA,1,128,1
"lib1","SARS-CoV-1_GZ0402_HP04",9.49429,NA,1,183,1
"lib1","SARS-CoV-1_GZ-C_HP03L",10.24798,NA,0.87373,115,1
"lib1","SARS-CoV-1_GD01_HP03L",9.81251,NA,1,171,1
"lib1","SARS-CoV-1_HGZ8L1-A_HP03E",10.14582,NA,0.82108,221,1
"lib1","GD-Pangolin",10.21303,NA,0,307,0
"lib1","Rs7327",10.26105,NA,0.83904,268,1
"lib1","Yunnan2011",10.17703,NA,0.8732,359,1
"lib1","WIV1",10.21539,NA,0.93203,263,1
"lib1","SARS-CoV-1_SZ1_PC03",10.18015,NA,0.99942,232,1
"lib1","Rs4237",10.20127,NA,0.90416,282,1
"lib1","SARS-CoV-1_Sin852_HP03L",9.9332,NA,1,259,1
"lib1","Rs4081",10.15827,NA,0.83386,286,1
"lib1","GX2013",10.17565,NA,0.92088,449,1
"lib1","Rf1",10.18649,NA,0.8007,138,1
"lib1","RaTG13",10.12732,NA,0.05422,327,0
"lib1","SARS-CoV-1_Urbani_HP03L",10.23141,NA,0.91165,123,1
"lib1","JL2012",10.19356,NA,0.89398,376,1
"lib1","BtKY72",10.12637,NA,1,232,1
"lib1","SARS-CoV-2",10.1779,NA,0,212,0
"lib1","RsSHC014",10.39384,NA,0.8855,169,1
"lib1","SARS-CoV-1_GD03T0013_HP04",10.21194,NA,0.92464,291,1
"lib1","HKU3-8",NA,NA,NA,NA,NA
"lib1",NA,10.08635,NA,0.89011,5932,1
"lib1","ZXC21",10.03525,NA,1,578,1
"lib1","HeB2013",10.08179,NA,0.92213,296,1
"lib1","HKU3-1",10.15426,NA,0.98998,174,1
"lib1","Longquan-140",10.11018,NA,0.97792,271,1
"lib1","BM48-31",10.26422,NA,0.88022,180,1
"lib1","YN2013",10.24623,NA,0.8378,254,1
"lib1","Shaanxi2011",10.29904,NA,0.81846,337,1
"lib1","Rs4231",10.25805,NA,0.9343,327,1
"lib1","SARS-CoV-1_PC4-13_PC04",10.22341,NA,1,286,1
"lib1","Rs4084",10.2939,NA,0.93145,213,1
"lib1","273-2005",10.01932,NA,0.94744,244,1
"lib1","SARS-CoV-1_PC4-127_PC04",9.95714,NA,1,331,1
"lib1","Rf4092",10.14671,NA,0.88445,364,1
"lib1","ZC45",10.02942,NA,0.90789,340,1
"lib1","SARS-CoV-1_Sino1-11_HP03L",10.17309,NA,1,328,1
"lib1","Rs4247",10.17229,NA,0.84532,425,1
"lib1","HuB2013",10.25261,NA,0.8327,308,1
"lib1","Rp3",10.19185,NA,0.93219,413,1
"lib1","As6526",10.24849,NA,0.91656,224,1
"lib1","279-2005",10.16649,NA,0.80594,292,1
"lib1","GX-Pangolin",10.21386,NA,0,188,0
"lib1","RmYN02",10.20362,NA,0.87614,302,1
"lib1","SARS-CoV-1_PC4-137_PC04",10.24665,NA,0.91279,253,1
"lib1","LYRa11",10.17566,NA,1,128,1
"lib1","SARS-CoV-1_GZ0402_HP04",9.49429,NA,1,183,1
"lib1","SARS-CoV-1_GZ-C_HP03L",10.24798,NA,0.88625,115,1
"lib1","SARS-CoV-1_GD01_HP03L",9.81251,NA,1,171,1
"lib1","SARS-CoV-1_HGZ8L1-A_HP03E",10.14582,NA,0.83565,221,1
"lib1","GD-Pangolin",10.21303,NA,0,307,0
"lib1","Rs7327",10.26105,NA,0.88763,268,1
"lib1","Yunnan2011",10.17703,NA,0.87587,359,1
"lib1","WIV1",10.21539,NA,0.92658,263,1
"lib1","SARS-CoV-1_SZ1_PC03",10.18015,NA,0.95416,232,1
"lib1","Rs4237",10.20127,NA,0.8779,282,1
"lib1","SARS-CoV-1_Sin852_HP03L",9.9332,NA,1,259,1
"lib1","Rs4081",10.15827,NA,0.80278,286,1
"lib1","GX2013",10.17565,NA,0.95098,449,1
"lib1","Rf1",10.18649,NA,0.81358,138,1
"lib1","RaTG13",10.12732,NA,0.01645,327,0
"lib1","SARS-CoV-1_Urbani_HP03L",10.23141,NA,0.89964,123,1
"lib1","JL2012",10.19356,NA,0.90149,376,1
"lib1","BtKY72",10.12637,NA,1,232,1
"lib1","SARS-CoV-2",10.1779,NA,0,212,0
"lib1","RsSHC014",10.39384,NA,0.84233,169,1
"lib1","SARS-CoV-1_GD03T0013_HP04",10.21194,NA,0.8883,291,1
"lib1","HKU3-8",NA,NA,NA,NA,NA
"lib1",NA,10.08635,NA,0.79557,5932,1
"lib1","ZXC21",10.03525,NA,1,578,1
"lib1","HeB2013",10.08179,NA,0.98837,296,1
"lib1","HKU3-1",10.15426,NA,0.96665,174,1
"lib1","Longquan-140",10.11018,NA,0.93061,271,1
"lib1","BM48-31",10.26422,NA,0.81714,180,1
"lib1","YN2013",10.24623,NA,0.82943,254,1
"lib1","Shaanxi2011",10.29904,NA,0.83182,337,1
"lib1","Rs4231",10.25805,NA,0.88587,327,1
"lib1","SARS-CoV-1_PC4-13_PC04",10.22341,NA,1,286,1
"lib1","Rs4084",10.2939,NA,0.93417,213,1
"lib1","273-2005",10.01932,NA,0.93186,244,1
"lib1","SARS-CoV-1_PC4-127_PC04",9.95714,NA,1,331,1
"lib1","Rf4092",10.14671,NA,0.86961,364,1
"lib1","ZC45",10.02942,NA,0.90406,340,1
"lib1","SARS-CoV-1_Sino1-11_HP03L",10.17309,NA,1,328,1
"lib1","Rs4247",10.17229,NA,0.80131,425,1
"lib1","HuB2013",10.25261,NA,0.82696,308,1
"lib1","Rp3",10.19185,NA,0.89895,413,1
"lib1","As6526",10.24849,NA,0.89611,224,1
"lib1","279-2005",10.16649,NA,0.81401,292,1
"lib1","GX-Pangolin",10.21386,NA,0,188,0
"lib1","RmYN02",10.20362,NA,0.82974,302,1
"lib1","SARS-CoV-1_PC4-137_PC04",10.24665,NA,0.86465,253,1
"lib1","LYRa11",10.17566,NA,0.95034,128,1
"lib1","SARS-CoV-1_GZ0402_HP04",9.49429,NA,0.99666,183,1
"lib1","SARS-CoV-1_GZ-C_HP03L",10.24798,NA,0.86159,115,1
"lib1","SARS-CoV-1_GD01_HP03L",9.81251,NA,1,171,1
"lib1","SARS-CoV-1_HGZ8L1-A_HP03E",10.14582,NA,0.82312,221,1
"lib1","GD-Pangolin",10.21303,NA,0,307,0
"lib1","Rs7327",10.26105,NA,0.85068,268,1
"lib1","Yunnan2011",10.17703,NA,0.82786,359,1
"lib1","WIV1",10.21539,NA,0.91123,263,1
"lib1","SARS-CoV-1_SZ1_PC03",10.18015,NA,0.96846,232,1
"lib1","Rs4237",10.20127,NA,0.88758,282,1
"lib1","SARS-CoV-1_Sin852_HP03L",9.9332,NA,1,259,1
"lib1","Rs4081",10.15827,NA,0.80242,286,1
"lib1","GX2013",10.17565,NA,0.93648,449,1
"lib1","Rf1",10.18649,NA,0.80767,138,1
"lib1","RaTG13",10.12732,NA,0,327,0
"lib1","SARS-CoV-1_Urbani_HP03L",10.23141,NA,0.91432,123,1
"lib1","JL2012",10.19356,NA,0.838,376,1
"lib1","BtKY72",10.12637,NA,1,232,1
"lib1","SARS-CoV-2",10.1779,NA,0,212,0
"lib1","RsSHC014",10.39384,NA,0.83919,169,1
"lib1","SARS-CoV-1_GD03T0013_HP04",10.21194,NA,0.89731,291,1
"lib1","HKU3-8",NA,NA,NA,NA,NA
"lib1",NA,10.08635,"S2E12_100",0.7249,5932,1
"lib1","ZXC21",10.03525,"S2E12_100",1,578,1
"lib1","HeB2013",10.08179,"S2E12_100",0.88914,296,1
"lib1","HKU3-1",10.15426,"S2E12_100",0.92098,174,1
"lib1","Longquan-140",10.11018,"S2E12_100",0.88457,271,1
"lib1","BM48-31",10.26422,"S2E12_100",0.812,180,1
"lib1","YN2013",10.24623,"S2E12_100",0.77033,254,1
"lib1","Shaanxi2011",10.29904,"S2E12_100",0.73241,337,1
"lib1","Rs4231",10.25805,"S2E12_100",0.83405,327,1
"lib1","SARS-CoV-1_PC4-13_PC04",10.22341,"S2E12_100",1,286,1
"lib1","Rs4084",10.2939,"S2E12_100",0.85236,213,1
"lib1","273-2005",10.01932,"S2E12_100",0.93783,244,1
"lib1","SARS-CoV-1_PC4-127_PC04",9.95714,"S2E12_100",0.99538,331,1
"lib1","Rf4092",10.14671,"S2E12_100",0.83138,364,1
"lib1","ZC45",10.02942,"S2E12_100",0.86846,340,1
"lib1","SARS-CoV-1_Sino1-11_HP03L",10.17309,"S2E12_100",0.94753,328,1
"lib1","Rs4247",10.17229,"S2E12_100",0.78808,425,1
"lib1","HuB2013",10.25261,"S2E12_100",0.78475,308,1
"lib1","Rp3",10.19185,"S2E12_100",0.83998,413,1
"lib1","As6526",10.24849,"S2E12_100",0.8356,224,1
"lib1","279-2005",10.16649,"S2E12_100",0.75496,292,1
"lib1","GX-Pangolin",10.21386,"S2E12_100",0,188,0
"lib1","RmYN02",10.20362,"S2E12_100",0.81295,302,1
"lib1","SARS-CoV-1_PC4-137_PC04",10.24665,"S2E12_100",0.83975,253,1
"lib1","LYRa11",10.17566,"S2E12_100",0.8592,128,1
"lib1","SARS-CoV-1_GZ0402_HP04",9.49429,"S2E12_100",1,183,1
"lib1","SARS-CoV-1_GZ-C_HP03L",10.24798,"S2E12_100",0.78709,115,1
"lib1","SARS-CoV-1_GD01_HP03L",9.81251,"S2E12_100",1,171,1
"lib1","SARS-CoV-1_HGZ8L1-A_HP03E",10.14582,"S2E12_100",0.78798,221,1
"lib1","GD-Pangolin",10.21303,"S2E12_100",0,307,0
"lib1","Rs7327",10.26105,"S2E12_100",0.83141,268,1
"lib1","Yunnan2011",10.17703,"S2E12_100",0.80203,359,1
"lib1","WIV1",10.21539,"S2E12_100",0.85547,263,1
"lib1","SARS-CoV-1_SZ1_PC03",10.18015,"S2E12_100",0.88501,232,1
"lib1","Rs4237",10.20127,"S2E12_100",0.78472,282,1
"lib1","SARS-CoV-1_Sin852_HP03L",9.9332,"S2E12_100",0.99266,259,1
"lib1","Rs4081",10.15827,"S2E12_100",0.77884,286,1
"lib1","GX2013",10.17565,"S2E12_100",0.88838,449,1
"lib1","Rf1",10.18649,"S2E12_100",0.77104,138,1
"lib1","RaTG13",10.12732,"S2E12_100",0,327,0
"lib1","SARS-CoV-1_Urbani_HP03L",10.23141,"S2E12_100",0.86134,123,1
"lib1","JL2012",10.19356,"S2E12_100",0.85124,376,1
"lib1","BtKY72",10.12637,"S2E12_100",1,232,1
"lib1","SARS-CoV-2",10.1779,"S2E12_100",0,212,0
"lib1","RsSHC014",10.39384,"S2E12_100",0.76395,169,1
"lib1","SARS-CoV-1_GD03T0013_HP04",10.21194,"S2E12_100",0.84234,291,1
"lib1","HKU3-8",NA,"S2E12_100",NA,NA,NA
"lib1",NA,10.08635,NA,0.63582,5932,1
"lib1","ZXC21",10.03525,NA,1,578,1
"lib1","HeB2013",10.08179,NA,0.86627,296,1
"lib1","HKU3-1",10.15426,NA,0.9009,174,1
"lib1","Longquan-140",10.11018,NA,0.87188,271,1
"lib1","BM48-31",10.26422,NA,0.85144,180,1
"lib1","YN2013",10.24623,NA,0.74187,254,1
"lib1","Shaanxi2011",10.29904,NA,0.74904,337,1
"lib1","Rs4231",10.25805,NA,0.81387,327,1
"lib1","SARS-CoV-1_PC4-13_PC04",10.22341,NA,1,286,1
"lib1","Rs4084",10.2939,NA,0.81952,213,1
"lib1","273-2005",10.01932,NA,0.92404,244,1
"lib1","SARS-CoV-1_PC4-127_PC04",9.95714,NA,0.9631,331,1
"lib1","Rf4092",10.14671,NA,0.84576,364,1
"lib1","ZC45",10.02942,NA,0.83379,340,1
"lib1","SARS-CoV-1_Sino1-11_HP03L",10.17309,NA,0.93979,328,1
"lib1","Rs4247",10.17229,NA,0.78248,425,1
"lib1","HuB2013",10.25261,NA,0.79006,308,1
"lib1","Rp3",10.19185,NA,0.85934,413,1
"lib1","As6526",10.24849,NA,0.8052,224,1
"lib1","279-2005",10.16649,NA,0.75233,292,1
"lib1","GX-Pangolin",10.21386,NA,0,188,0
"lib1","RmYN02",10.20362,NA,0.79604,302,1
"lib1","SARS-CoV-1_PC4-137_PC04",10.24665,NA,0.82544,253,1
"lib1","LYRa11",10.17566,NA,0.88406,128,1
"lib1","SARS-CoV-1_GZ0402_HP04",9.49429,NA,1,183,1
"lib1","SARS-CoV-1_GZ-C_HP03L",10.24798,NA,0.75555,115,1
"lib1","SARS-CoV-1_GD01_HP03L",9.81251,NA,1,171,1
"lib1","SARS-CoV-1_HGZ8L1-A_HP03E",10.14582,NA,0.8084,221,1
"lib1","GD-Pangolin",10.21303,NA,0,307,0
"lib1","Rs7327",10.26105,NA,0.78076,268,1
"lib1","Yunnan2011",10.17703,NA,0.78636,359,1
"lib1","WIV1",10.21539,NA,0.86812,263,1
"lib1","SARS-CoV-1_SZ1_PC03",10.18015,NA,0.8881,232,1
"lib1","Rs4237",10.20127,NA,0.77913,282,1
"lib1","SARS-CoV-1_Sin852_HP03L",9.9332,NA,0.97239,259,1
"lib1","Rs4081",10.15827,NA,0.76727,286,1
"lib1","GX2013",10.17565,NA,0.8521,449,1
"lib1","Rf1",10.18649,NA,0.76094,138,1
"lib1","RaTG13",10.12732,NA,0,327,0
"lib1","SARS-CoV-1_Urbani_HP03L",10.23141,NA,0.80706,123,1
"lib1","JL2012",10.19356,NA,0.82989,376,1
"lib1","BtKY72",10.12637,NA,1,232,1
"lib1","SARS-CoV-2",10.1779,NA,0,212,0
"lib1","RsSHC014",10.39384,NA,0.74623,169,1
"lib1","SARS-CoV-1_GD03T0013_HP04",10.21194,NA,0.81288,291,1
"lib1","HKU3-8",NA,NA,NA,NA,NA
"lib1",NA,10.08635,NA,0.61066,5932,1
"lib1","ZXC21",10.03525,NA,1,578,1
"lib1","HeB2013",10.08179,NA,0.88591,296,1
"lib1","HKU3-1",10.15426,NA,0.89872,174,1
"lib1","Longquan-140",10.11018,NA,0.86173,271,1
"lib1","BM48-31",10.26422,NA,0.331,180,1
"lib1","YN2013",10.24623,NA,0.76266,254,1
"lib1","Shaanxi2011",10.29904,NA,0.77614,337,1
"lib1","Rs4231",10.25805,NA,0.8052,327,1
"lib1","SARS-CoV-1_PC4-13_PC04",10.22341,NA,1,286,1
"lib1","Rs4084",10.2939,NA,0.87456,213,1
"lib1","273-2005",10.01932,NA,0.9095,244,1
"lib1","SARS-CoV-1_PC4-127_PC04",9.95714,NA,0.95085,331,1
"lib1","Rf4092",10.14671,NA,0.81282,364,1
"lib1","ZC45",10.02942,NA,0.83465,340,1
"lib1","SARS-CoV-1_Sino1-11_HP03L",10.17309,NA,0.93226,328,1
"lib1","Rs4247",10.17229,NA,0.77069,425,1
"lib1","HuB2013",10.25261,NA,0.76687,308,1
"lib1","Rp3",10.19185,NA,0.81337,413,1
"lib1","As6526",10.24849,NA,0.7982,224,1
"lib1","279-2005",10.16649,NA,0.73334,292,1
"lib1","GX-Pangolin",10.21386,NA,0,188,0
"lib1","RmYN02",10.20362,NA,0.80292,302,1
"lib1","SARS-CoV-1_PC4-137_PC04",10.24665,NA,0.82626,253,1
"lib1","LYRa11",10.17566,NA,0.96515,128,1
"lib1","SARS-CoV-1_GZ0402_HP04",9.49429,NA,1,183,1
"lib1","SARS-CoV-1_GZ-C_HP03L",10.24798,NA,0.79303,115,1
"lib1","SARS-CoV-1_GD01_HP03L",9.81251,NA,1,171,1
"lib1","SARS-CoV-1_HGZ8L1-A_HP03E",10.14582,NA,0.79274,221,1
"lib1","GD-Pangolin",10.21303,NA,0,307,0
"lib1","Rs7327",10.26105,NA,0.83272,268,1
"lib1","Yunnan2011",10.17703,NA,0.79566,359,1
"lib1","WIV1",10.21539,NA,0.84932,263,1
"lib1","SARS-CoV-1_SZ1_PC03",10.18015,NA,0.91892,232,1
"lib1","Rs4237",10.20127,NA,0.80386,282,1
"lib1","SARS-CoV-1_Sin852_HP03L",9.9332,NA,1,259,1
"lib1","Rs4081",10.15827,NA,0.73726,286,1
"lib1","GX2013",10.17565,NA,0.86137,449,1
"lib1","Rf1",10.18649,NA,0.80364,138,1
"lib1","RaTG13",10.12732,NA,0,327,0
"lib1","SARS-CoV-1_Urbani_HP03L",10.23141,NA,0.8826,123,1
"lib1","JL2012",10.19356,NA,0.82164,376,1
"lib1","BtKY72",10.12637,NA,1,232,1
"lib1","SARS-CoV-2",10.1779,NA,0,212,0
"lib1","RsSHC014",10.39384,NA,0.79187,169,1
"lib1","SARS-CoV-1_GD03T0013_HP04",10.21194,NA,0.82809,291,1
"lib1","HKU3-8",NA,NA,NA,NA,NA
"lib1","ZXC21",10.03525,"S309",1,474,1
"lib1","HeB2013",10.08179,"S309",0.98785,221,1
"lib1",NA,10.08635,"S309",0,4623,0
"lib1","HKU3-1",10.15426,"S309",1,131,1
"lib1","Longquan-140",10.11018,"S309",0.98484,213,1
"lib1","BM48-31",10.26422,"S309",0.9189,142,1
"lib1","Shaanxi2011",10.29904,"S309",0.8637,260,1
"lib1","Rs4231",10.25805,"S309",0,261,0
"lib1","SARS-CoV-1_PC4-13_PC04",10.22341,"S309",0,226,0
"lib1","273-2005",10.01932,"S309",0.93309,189,1
"lib1","SARS-CoV-1_PC4-127_PC04",9.95714,"S309",0,255,0
"lib1","Rf4092",10.14671,"S309",0.8859,285,1
"lib1","ZC45",10.02942,"S309",0.90743,268,1
"lib1","SARS-CoV-1_Sino1-11_HP03L",10.17309,"S309",0,259,0
"lib1","HuB2013",10.25261,"S309",0.88319,235,1
"lib1","Rp3",10.19185,"S309",0.94048,335,1
"lib1","YN2013",10.24623,"S309",0.83404,196,1
"lib1","279-2005",10.16649,"S309",0.85236,228,1
"lib1","Rs4247",10.17229,"S309",0.86271,347,1
"lib1","GX-Pangolin",10.21386,"S309",0,159,0
"lib1","RmYN02",10.20362,"S309",0.9278,238,1
"lib1","LYRa11",10.17566,"S309",0,96,0
"lib1","As6526",10.24849,"S309",0.88905,179,1
"lib1","SARS-CoV-1_GZ0402_HP04",9.49429,"S309",0,142,0
"lib1","SARS-CoV-1_GZ-C_HP03L",10.24798,"S309",0,88,0
"lib1","SARS-CoV-1_GD01_HP03L",9.81251,"S309",0,133,0
"lib1","SARS-CoV-1_HGZ8L1-A_HP03E",10.14582,"S309",0,172,0
"lib1","GD-Pangolin",10.21303,"S309",0,220,0
"lib1","Rs7327",10.26105,"S309",0,213,0
"lib1","Yunnan2011",10.17703,"S309",0.88925,275,1
"lib1","SARS-CoV-1_PC4-137_PC04",10.24665,"S309",0,202,0
"lib1","WIV1",10.21539,"S309",0,211,0
"lib1","Rs4084",10.2939,"S309",0,171,0
"lib1","SARS-CoV-1_SZ1_PC03",10.18015,"S309",0,184,0
"lib1","Rs4237",10.20127,"S309",0.91662,215,1
"lib1","SARS-CoV-1_Sin852_HP03L",9.9332,"S309",0,197,0
"lib1","Rs4081",10.15827,"S309",0.87383,224,1
"lib1","GX2013",10.17565,"S309",0.94855,334,1
"lib1","Rf1",10.18649,"S309",0.90314,110,1
"lib1","RaTG13",10.12732,"S309",0,262,0
"lib1","SARS-CoV-1_Urbani_HP03L",10.23141,"S309",0,93,0
"lib1","JL2012",10.19356,"S309",0.89316,286,1
"lib1","SARS-CoV-2",10.1779,"S309",0,169,0
"lib1","RsSHC014",10.39384,"S309",0,127,0
"lib1","BtKY72",10.12637,"S309",1,182,1
"lib1","SARS-CoV-1_GD03T0013_HP04",10.21194,"S309",0,219,0
"lib1","HKU3-8",NA,"S309",NA,NA,NA
"lib1","ZXC21",10.03525,"S2E12",1,474,1
"lib1","HeB2013",10.08179,"S2E12",1,221,1
"lib1",NA,10.08635,"S2E12",0.90308,4623,1
"lib1","HKU3-1",10.15426,"S2E12",0.96316,131,1
"lib1","Longquan-140",10.11018,"S2E12",0.93672,213,1
"lib1","BM48-31",10.26422,"S2E12",0.94511,142,1
"lib1","Shaanxi2011",10.29904,"S2E12",0.85278,260,1
"lib1","Rs4231",10.25805,"S2E12",0.96279,261,1
"lib1","SARS-CoV-1_PC4-13_PC04",10.22341,"S2E12",1,226,1
"lib1","273-2005",10.01932,"S2E12",0.92176,189,1
"lib1","SARS-CoV-1_PC4-127_PC04",9.95714,"S2E12",1,255,1
"lib1","Rf4092",10.14671,"S2E12",0.90894,285,1
"lib1","ZC45",10.02942,"S2E12",0.96636,268,1
"lib1","SARS-CoV-1_Sino1-11_HP03L",10.17309,"S2E12",1,259,1
"lib1","HuB2013",10.25261,"S2E12",0.86893,235,1
"lib1","Rp3",10.19185,"S2E12",0.9166,335,1
"lib1","YN2013",10.24623,"S2E12",0.88133,196,1
"lib1","279-2005",10.16649,"S2E12",0.8415,228,1
"lib1","Rs4247",10.17229,"S2E12",0.88808,347,1
"lib1","GX-Pangolin",10.21386,"S2E12",0,159,0
"lib1","RmYN02",10.20362,"S2E12",0.96143,238,1
"lib1","LYRa11",10.17566,"S2E12",1,96,1
"lib1","As6526",10.24849,"S2E12",0.88398,179,1
"lib1","SARS-CoV-1_GZ0402_HP04",9.49429,"S2E12",1,142,1
"lib1","SARS-CoV-1_GZ-C_HP03L",10.24798,"S2E12",0.9029,88,1
"lib1","SARS-CoV-1_GD01_HP03L",9.81251,"S2E12",0.93401,133,1
"lib1","SARS-CoV-1_HGZ8L1-A_HP03E",10.14582,"S2E12",0.87984,172,1
"lib1","GD-Pangolin",10.21303,"S2E12",0,220,0
"lib1","Rs7327",10.26105,"S2E12",0.91195,213,1
"lib1","Yunnan2011",10.17703,"S2E12",0.90058,275,1
"lib1","SARS-CoV-1_PC4-137_PC04",10.24665,"S2E12",0.96138,202,1
"lib1","WIV1",10.21539,"S2E12",0.9602,211,1
"lib1","Rs4084",10.2939,"S2E12",1,171,1
"lib1","SARS-CoV-1_SZ1_PC03",10.18015,"S2E12",0.96694,184,1
"lib1","Rs4237",10.20127,"S2E12",0.90955,215,1
"lib1","SARS-CoV-1_Sin852_HP03L",9.9332,"S2E12",1,197,1
"lib1","Rs4081",10.15827,"S2E12",0.84992,224,1
"lib1","GX2013",10.17565,"S2E12",0.97799,334,1
"lib1","Rf1",10.18649,"S2E12",0.80498,110,1
"lib1","RaTG13",10.12732,"S2E12",0.01311,262,0
"lib1","SARS-CoV-1_Urbani_HP03L",10.23141,"S2E12",1,93,1
"lib1","JL2012",10.19356,"S2E12",0.90386,286,1
"lib1","SARS-CoV-2",10.1779,"S2E12",0,169,0
"lib1","RsSHC014",10.39384,"S2E12",0.90549,127,1
"lib1","BtKY72",10.12637,"S2E12",1,182,1
"lib1","SARS-CoV-1_GD03T0013_HP04",10.21194,"S2E12",0.97025,219,1
"lib1","HKU3-8",NA,"S2E12",NA,NA,NA
"lib1","ZXC21",10.03525,"S2X35",1,474,1
"lib1","HeB2013",10.08179,"S2X35",1,221,1
"lib1",NA,10.08635,"S2X35",0.00589,4623,0
"lib1","HKU3-1",10.15426,"S2X35",1,131,1
"lib1","Longquan-140",10.11018,"S2X35",0.95528,213,1
"lib1","BM48-31",10.26422,"S2X35",0.89176,142,1
"lib1","Shaanxi2011",10.29904,"S2X35",0.88501,260,1
"lib1","Rs4231",10.25805,"S2X35",0.00512,261,0
"lib1","SARS-CoV-1_PC4-13_PC04",10.22341,"S2X35",0,226,0
"lib1","273-2005",10.01932,"S2X35",0.95497,189,1
"lib1","SARS-CoV-1_PC4-127_PC04",9.95714,"S2X35",0,255,0
"lib1","Rf4092",10.14671,"S2X35",0.99171,285,1
"lib1","ZC45",10.02942,"S2X35",0.9675,268,1
"lib1","SARS-CoV-1_Sino1-11_HP03L",10.17309,"S2X35",0,259,0
"lib1","HuB2013",10.25261,"S2X35",0.86911,235,1
"lib1","Rp3",10.19185,"S2X35",0.98371,335,1
"lib1","YN2013",10.24623,"S2X35",0.84696,196,1
"lib1","279-2005",10.16649,"S2X35",0.87292,228,1
"lib1","Rs4247",10.17229,"S2X35",0.89726,347,1
"lib1","GX-Pangolin",10.21386,"S2X35",1,159,1
"lib1","RmYN02",10.20362,"S2X35",0.9383,238,1
"lib1","LYRa11",10.17566,"S2X35",0.00385,96,0
"lib1","As6526",10.24849,"S2X35",0.91459,179,1
"lib1","SARS-CoV-1_GZ0402_HP04",9.49429,"S2X35",0.03743,142,0
"lib1","SARS-CoV-1_GZ-C_HP03L",10.24798,"S2X35",0,88,0
"lib1","SARS-CoV-1_GD01_HP03L",9.81251,"S2X35",0,133,0
"lib1","SARS-CoV-1_HGZ8L1-A_HP03E",10.14582,"S2X35",0,172,0
"lib1","GD-Pangolin",10.21303,"S2X35",0,220,0
"lib1","Rs7327",10.26105,"S2X35",0,213,0
"lib1","Yunnan2011",10.17703,"S2X35",0.90773,275,1
"lib1","SARS-CoV-1_PC4-137_PC04",10.24665,"S2X35",0,202,0
"lib1","WIV1",10.21539,"S2X35",0,211,0
"lib1","Rs4084",10.2939,"S2X35",0.01705,171,0
"lib1","SARS-CoV-1_SZ1_PC03",10.18015,"S2X35",0,184,0
"lib1","Rs4237",10.20127,"S2X35",0.93999,215,1
"lib1","SARS-CoV-1_Sin852_HP03L",9.9332,"S2X35",0,197,0
"lib1","Rs4081",10.15827,"S2X35",0.87418,224,1
"lib1","GX2013",10.17565,"S2X35",0.96278,334,1
"lib1","Rf1",10.18649,"S2X35",0.87445,110,1
"lib1","RaTG13",10.12732,"S2X35",0.05086,262,0
"lib1","SARS-CoV-1_Urbani_HP03L",10.23141,"S2X35",0,93,0
"lib1","JL2012",10.19356,"S2X35",0.93999,286,1
"lib1","SARS-CoV-2",10.1779,"S2X35",0,169,0
"lib1","RsSHC014",10.39384,"S2X35",0.00668,127,0
"lib1","BtKY72",10.12637,"S2X35",0,182,0
"lib1","SARS-CoV-1_GD03T0013_HP04",10.21194,"S2X35",0,219,0
"lib1","HKU3-8",NA,"S2X35",NA,NA,NA
"lib1","ZXC21",10.03525,"S2X58",1,474,1
"lib1","HeB2013",10.08179,"S2X58",1,221,1
"lib1",NA,10.08635,"S2X58",0.91651,4623,1
"lib1","HKU3-1",10.15426,"S2X58",0.99391,131,1
"lib1","Longquan-140",10.11018,"S2X58",0.96384,213,1
"lib1","BM48-31",10.26422,"S2X58",0.93925,142,1
"lib1","Shaanxi2011",10.29904,"S2X58",0.8843,260,1
"lib1","Rs4231",10.25805,"S2X58",0.95157,261,1
"lib1","SARS-CoV-1_PC4-13_PC04",10.22341,"S2X58",1,226,1
"lib1","273-2005",10.01932,"S2X58",0.89013,189,1
"lib1","SARS-CoV-1_PC4-127_PC04",9.95714,"S2X58",1,255,1
"lib1","Rf4092",10.14671,"S2X58",0.88938,285,1
"lib1","ZC45",10.02942,"S2X58",0.95679,268,1
"lib1","SARS-CoV-1_Sino1-11_HP03L",10.17309,"S2X58",1,259,1
"lib1","HuB2013",10.25261,"S2X58",0.84177,235,1
"lib1","Rp3",10.19185,"S2X58",0.94394,335,1
"lib1","YN2013",10.24623,"S2X58",0.87068,196,1
"lib1","279-2005",10.16649,"S2X58",0.85538,228,1
"lib1","Rs4247",10.17229,"S2X58",0.84276,347,1
"lib1","GX-Pangolin",10.21386,"S2X58",1,159,1
"lib1","RmYN02",10.20362,"S2X58",0.87648,238,1
"lib1","LYRa11",10.17566,"S2X58",1,96,1
"lib1","As6526",10.24849,"S2X58",0.88154,179,1
"lib1","SARS-CoV-1_GZ0402_HP04",9.49429,"S2X58",1,142,1
"lib1","SARS-CoV-1_GZ-C_HP03L",10.24798,"S2X58",0.8891,88,1
"lib1","SARS-CoV-1_GD01_HP03L",9.81251,"S2X58",0.95095,133,1
"lib1","SARS-CoV-1_HGZ8L1-A_HP03E",10.14582,"S2X58",0.86375,172,1
"lib1","GD-Pangolin",10.21303,"S2X58",0,220,0
"lib1","Rs7327",10.26105,"S2X58",0.97964,213,1
"lib1","Yunnan2011",10.17703,"S2X58",0.88408,275,1
"lib1","SARS-CoV-1_PC4-137_PC04",10.24665,"S2X58",1,202,1
"lib1","WIV1",10.21539,"S2X58",0.98176,211,1
"lib1","Rs4084",10.2939,"S2X58",0.98424,171,1
"lib1","SARS-CoV-1_SZ1_PC03",10.18015,"S2X58",0.95463,184,1
"lib1","Rs4237",10.20127,"S2X58",0.90104,215,1
"lib1","SARS-CoV-1_Sin852_HP03L",9.9332,"S2X58",1,197,1
"lib1","Rs4081",10.15827,"S2X58",0.84429,224,1
"lib1","GX2013",10.17565,"S2X58",0.94021,334,1
"lib1","Rf1",10.18649,"S2X58",0.8829,110,1
"lib1","RaTG13",10.12732,"S2X58",0.86015,262,1
"lib1","SARS-CoV-1_Urbani_HP03L",10.23141,"S2X58",1,93,1
"lib1","JL2012",10.19356,"S2X58",0.87581,286,1
"lib1","SARS-CoV-2",10.1779,"S2X58",0,169,0
"lib1","RsSHC014",10.39384,"S2X58",0.85501,127,1
"lib1","BtKY72",10.12637,"S2X58",1,182,1
"lib1","SARS-CoV-1_GD03T0013_HP04",10.21194,"S2X58",1,219,1
"lib1","HKU3-8",NA,"S2X58",NA,NA,NA
"lib1","ZXC21",10.03525,"S304",1,474,1
"lib1","HeB2013",10.08179,"S304",0.9815,221,1
"lib1",NA,10.08635,"S304",0,4623,0
"lib1","HKU3-1",10.15426,"S304",1,131,1
"lib1","Longquan-140",10.11018,"S304",0.94299,213,1
"lib1","BM48-31",10.26422,"S304",0,142,0
"lib1","Shaanxi2011",10.29904,"S304",0.82266,260,1
"lib1","Rs4231",10.25805,"S304",0,261,0
"lib1","SARS-CoV-1_PC4-13_PC04",10.22341,"S304",0,226,0
"lib1","273-2005",10.01932,"S304",0.94018,189,1
"lib1","SARS-CoV-1_PC4-127_PC04",9.95714,"S304",0,255,0
"lib1","Rf4092",10.14671,"S304",0.89631,285,1
"lib1","ZC45",10.02942,"S304",0.93498,268,1
"lib1","SARS-CoV-1_Sino1-11_HP03L",10.17309,"S304",0,259,0
"lib1","HuB2013",10.25261,"S304",0.84102,235,1
"lib1","Rp3",10.19185,"S304",0.95468,335,1
"lib1","YN2013",10.24623,"S304",0.81657,196,1
"lib1","279-2005",10.16649,"S304",0.84386,228,1
"lib1","Rs4247",10.17229,"S304",0.85824,347,1
"lib1","GX-Pangolin",10.21386,"S304",0,159,0
"lib1","RmYN02",10.20362,"S304",0.88222,238,1
"lib1","LYRa11",10.17566,"S304",1,96,1
"lib1","As6526",10.24849,"S304",0.88686,179,1
"lib1","SARS-CoV-1_GZ0402_HP04",9.49429,"S304",0,142,0
"lib1","SARS-CoV-1_GZ-C_HP03L",10.24798,"S304",0,88,0
"lib1","SARS-CoV-1_GD01_HP03L",9.81251,"S304",0,133,0
"lib1","SARS-CoV-1_HGZ8L1-A_HP03E",10.14582,"S304",0,172,0
"lib1","GD-Pangolin",10.21303,"S304",0,220,0
"lib1","Rs7327",10.26105,"S304",0,213,0
"lib1","Yunnan2011",10.17703,"S304",0.87703,275,1
"lib1","SARS-CoV-1_PC4-137_PC04",10.24665,"S304",0,202,0
"lib1","WIV1",10.21539,"S304",0,211,0
"lib1","Rs4084",10.2939,"S304",0,171,0
"lib1","SARS-CoV-1_SZ1_PC03",10.18015,"S304",0,184,0
"lib1","Rs4237",10.20127,"S304",0.86052,215,1
"lib1","SARS-CoV-1_Sin852_HP03L",9.9332,"S304",0,197,0
"lib1","Rs4081",10.15827,"S304",0.84078,224,1
"lib1","GX2013",10.17565,"S304",0.97461,334,1
"lib1","Rf1",10.18649,"S304",0.86626,110,1
"lib1","RaTG13",10.12732,"S304",0,262,0
"lib1","SARS-CoV-1_Urbani_HP03L",10.23141,"S304",0,93,0
"lib1","JL2012",10.19356,"S304",0.959,286,1
"lib1","SARS-CoV-2",10.1779,"S304",0,169,0
"lib1","RsSHC014",10.39384,"S304",0,127,0
"lib1","BtKY72",10.12637,"S304",0,182,0
"lib1","SARS-CoV-1_GD03T0013_HP04",10.21194,"S304",0,219,0
"lib1","HKU3-8",NA,"S304",NA,NA,NA
"lib1",NA,10.08635,"S2H58",0.83098,5359,1
"lib1","ZXC21",10.03525,"S2H58",1,533,1
"lib1","HeB2013",10.08179,"S2H58",0.97454,260,1
"lib1","HKU3-1",10.15426,"S2H58",1,150,1
"lib1","Longquan-140",10.11018,"S2H58",0.96103,249,1
"lib1","BM48-31",10.26422,"S2H58",0.91892,168,1
"lib1","YN2013",10.24623,"S2H58",0.8744,224,1
"lib1","Shaanxi2011",10.29904,"S2H58",0.89434,315,1
"lib1","Rs4231",10.25805,"S2H58",0.94599,296,1
"lib1","SARS-CoV-1_PC4-13_PC04",10.22341,"S2H58",1,255,1
"lib1","Rs4084",10.2939,"S2H58",1,200,1
"lib1","273-2005",10.01932,"S2H58",0.92565,223,1
"lib1","SARS-CoV-1_PC4-127_PC04",9.95714,"S2H58",1,299,1
"lib1","Rf4092",10.14671,"S2H58",0.94454,331,1
"lib1","ZC45",10.02942,"S2H58",0.93993,318,1
"lib1","SARS-CoV-1_Sino1-11_HP03L",10.17309,"S2H58",1,293,1
"lib1","HuB2013",10.25261,"S2H58",0.87675,278,1
"lib1","Rp3",10.19185,"S2H58",0.95076,375,1
"lib1","279-2005",10.16649,"S2H58",0.87544,264,1
"lib1","Rs4247",10.17229,"S2H58",0.88897,387,1
"lib1","GX-Pangolin",10.21386,"S2H58",1,172,1
"lib1","RmYN02",10.20362,"S2H58",0.91469,271,1
"lib1","SARS-CoV-1_PC4-137_PC04",10.24665,"S2H58",0.97731,223,1
"lib1","LYRa11",10.17566,"S2H58",0.98767,116,1
"lib1","As6526",10.24849,"S2H58",0.91394,203,1
"lib1","SARS-CoV-1_GZ0402_HP04",9.49429,"S2H58",0.97464,164,1
"lib1","SARS-CoV-1_GZ-C_HP03L",10.24798,"S2H58",0.96861,102,1
"lib1","SARS-CoV-1_GD01_HP03L",9.81251,"S2H58",0.94397,155,1
"lib1","Rs4081",10.15827,"S2H58",0.83069,264,1
"lib1","SARS-CoV-1_HGZ8L1-A_HP03E",10.14582,"S2H58",0.88488,206,1
"lib1","GD-Pangolin",10.21303,"S2H58",0,274,0
"lib1","Rs7327",10.26105,"S2H58",0.89816,244,1
"lib1","Yunnan2011",10.17703,"S2H58",0.8759,316,1
"lib1","WIV1",10.21539,"S2H58",0.90866,237,1
"lib1","SARS-CoV-1_SZ1_PC03",10.18015,"S2H58",1,213,1
"lib1","Rs4237",10.20127,"S2H58",0.90603,248,1
"lib1","SARS-CoV-1_Sin852_HP03L",9.9332,"S2H58",1,236,1
"lib1","GX2013",10.17565,"S2H58",1,403,1
"lib1","Rf1",10.18649,"S2H58",0.82383,124,1
"lib1","RaTG13",10.12732,"S2H58",0.9395,297,1
"lib1","SARS-CoV-1_Urbani_HP03L",10.23141,"S2H58",0.94633,112,1
"lib1","JL2012",10.19356,"S2H58",0.89733,333,1
"lib1","SARS-CoV-2",10.1779,"S2H58",0,194,0
"lib1","RsSHC014",10.39384,"S2H58",0.915,153,1
"lib1","BtKY72",10.12637,"S2H58",1,207,1
"lib1","SARS-CoV-1_GD03T0013_HP04",10.21194,"S2H58",0.97567,253,1
"lib1","HKU3-8",NA,"S2H58",NA,NA,NA
"lib1",NA,10.08635,"S2D106",0.80521,5359,1
"lib1","ZXC21",10.03525,"S2D106",1,533,1
"lib1","HeB2013",10.08179,"S2D106",0.97393,260,1
"lib1","HKU3-1",10.15426,"S2D106",1,150,1
"lib1","Longquan-140",10.11018,"S2D106",0.99669,249,1
"lib1","BM48-31",10.26422,"S2D106",0.93392,168,1
"lib1","YN2013",10.24623,"S2D106",0.88776,224,1
"lib1","Shaanxi2011",10.29904,"S2D106",0.91359,315,1
"lib1","Rs4231",10.25805,"S2D106",0.9935,296,1
"lib1","SARS-CoV-1_PC4-13_PC04",10.22341,"S2D106",1,255,1
"lib1","Rs4084",10.2939,"S2D106",1,200,1
"lib1","273-2005",10.01932,"S2D106",0.91617,223,1
"lib1","SARS-CoV-1_PC4-127_PC04",9.95714,"S2D106",1,299,1
"lib1","Rf4092",10.14671,"S2D106",0.98517,331,1
"lib1","ZC45",10.02942,"S2D106",1,318,1
"lib1","SARS-CoV-1_Sino1-11_HP03L",10.17309,"S2D106",1,293,1
"lib1","HuB2013",10.25261,"S2D106",0.89949,278,1
"lib1","Rp3",10.19185,"S2D106",0.99729,375,1
"lib1","279-2005",10.16649,"S2D106",0.93231,264,1
"lib1","Rs4247",10.17229,"S2D106",0.90117,387,1
"lib1","GX-Pangolin",10.21386,"S2D106",1,172,1
"lib1","RmYN02",10.20362,"S2D106",0.94996,271,1
"lib1","SARS-CoV-1_PC4-137_PC04",10.24665,"S2D106",0.97747,223,1
"lib1","LYRa11",10.17566,"S2D106",1,116,1
"lib1","As6526",10.24849,"S2D106",0.91326,203,1
"lib1","SARS-CoV-1_GZ0402_HP04",9.49429,"S2D106",0.87868,164,1
"lib1","SARS-CoV-1_GZ-C_HP03L",10.24798,"S2D106",0.94586,102,1
"lib1","SARS-CoV-1_GD01_HP03L",9.81251,"S2D106",0.8277,155,1
"lib1","Rs4081",10.15827,"S2D106",0.8748,264,1
"lib1","SARS-CoV-1_HGZ8L1-A_HP03E",10.14582,"S2D106",0.91689,206,1
"lib1","GD-Pangolin",10.21303,"S2D106",0,274,0
"lib1","Rs7327",10.26105,"S2D106",0.94931,244,1
"lib1","Yunnan2011",10.17703,"S2D106",0.92755,316,1
"lib1","WIV1",10.21539,"S2D106",0.95959,237,1
"lib1","SARS-CoV-1_SZ1_PC03",10.18015,"S2D106",1,213,1
"lib1","Rs4237",10.20127,"S2D106",0.98286,248,1
"lib1","SARS-CoV-1_Sin852_HP03L",9.9332,"S2D106",1,236,1
"lib1","GX2013",10.17565,"S2D106",0.97073,403,1
"lib1","Rf1",10.18649,"S2D106",0.88218,124,1
"lib1","RaTG13",10.12732,"S2D106",0.87231,297,1
"lib1","SARS-CoV-1_Urbani_HP03L",10.23141,"S2D106",0.98354,112,1
"lib1","JL2012",10.19356,"S2D106",0.95589,333,1
"lib1","SARS-CoV-2",10.1779,"S2D106",0,194,0
"lib1","RsSHC014",10.39384,"S2D106",0.90053,153,1
"lib1","BtKY72",10.12637,"S2D106",1,207,1
"lib1","SARS-CoV-1_GD03T0013_HP04",10.21194,"S2D106",0.96394,253,1
"lib1","HKU3-8",NA,"S2D106",NA,NA,NA
"lib1",NA,10.08635,"S2X16",0.80833,5359,1
"lib1","ZXC21",10.03525,"S2X16",1,533,1
"lib1","HeB2013",10.08179,"S2X16",1,260,1
"lib1","HKU3-1",10.15426,"S2X16",1,150,1
"lib1","Longquan-140",10.11018,"S2X16",0.98764,249,1
"lib1","BM48-31",10.26422,"S2X16",0.92634,168,1
"lib1","YN2013",10.24623,"S2X16",0.83262,224,1
"lib1","Shaanxi2011",10.29904,"S2X16",0.89479,315,1
"lib1","Rs4231",10.25805,"S2X16",0.96716,296,1
"lib1","SARS-CoV-1_PC4-13_PC04",10.22341,"S2X16",1,255,1
"lib1","Rs4084",10.2939,"S2X16",1,200,1
"lib1","273-2005",10.01932,"S2X16",0.90069,223,1
"lib1","SARS-CoV-1_PC4-127_PC04",9.95714,"S2X16",1,299,1
"lib1","Rf4092",10.14671,"S2X16",0.91141,331,1
"lib1","ZC45",10.02942,"S2X16",0.96161,318,1
"lib1","SARS-CoV-1_Sino1-11_HP03L",10.17309,"S2X16",1,293,1
"lib1","HuB2013",10.25261,"S2X16",0.92929,278,1
"lib1","Rp3",10.19185,"S2X16",0.94579,375,1
"lib1","279-2005",10.16649,"S2X16",0.88782,264,1
"lib1","Rs4247",10.17229,"S2X16",0.88264,387,1
"lib1","GX-Pangolin",10.21386,"S2X16",1,172,1
"lib1","RmYN02",10.20362,"S2X16",0.90063,271,1
"lib1","SARS-CoV-1_PC4-137_PC04",10.24665,"S2X16",0.94681,223,1
"lib1","LYRa11",10.17566,"S2X16",1,116,1
"lib1","As6526",10.24849,"S2X16",0.92266,203,1
"lib1","SARS-CoV-1_GZ0402_HP04",9.49429,"S2X16",1,164,1
"lib1","SARS-CoV-1_GZ-C_HP03L",10.24798,"S2X16",1,102,1
"lib1","SARS-CoV-1_GD01_HP03L",9.81251,"S2X16",0.91534,155,1
"lib1","Rs4081",10.15827,"S2X16",0.89457,264,1
"lib1","SARS-CoV-1_HGZ8L1-A_HP03E",10.14582,"S2X16",0.92199,206,1
"lib1","GD-Pangolin",10.21303,"S2X16",0,274,0
"lib1","Rs7327",10.26105,"S2X16",0.91129,244,1
"lib1","Yunnan2011",10.17703,"S2X16",0.90274,316,1
"lib1","WIV1",10.21539,"S2X16",0.96038,237,1
"lib1","SARS-CoV-1_SZ1_PC03",10.18015,"S2X16",0.97914,213,1
"lib1","Rs4237",10.20127,"S2X16",0.92949,248,1
"lib1","SARS-CoV-1_Sin852_HP03L",9.9332,"S2X16",1,236,1
"lib1","GX2013",10.17565,"S2X16",0.98537,403,1
"lib1","Rf1",10.18649,"S2X16",0.8745,124,1
"lib1","RaTG13",10.12732,"S2X16",0.93049,297,1
"lib1","SARS-CoV-1_Urbani_HP03L",10.23141,"S2X16",0.99119,112,1
"lib1","JL2012",10.19356,"S2X16",0.94331,333,1
"lib1","SARS-CoV-2",10.1779,"S2X16",0,194,0
"lib1","RsSHC014",10.39384,"S2X16",0.91008,153,1
"lib1","BtKY72",10.12637,"S2X16",1,207,1
"lib1","SARS-CoV-1_GD03T0013_HP04",10.21194,"S2X16",1,253,1
"lib1","HKU3-8",NA,"S2X16",NA,NA,NA
"lib1",NA,10.08635,"S2X227",0.92352,5359,1
"lib1","ZXC21",10.03525,"S2X227",1,533,1
"lib1","HeB2013",10.08179,"S2X227",0.95366,260,1
"lib1","HKU3-1",10.15426,"S2X227",0.96878,150,1
"lib1","Longquan-140",10.11018,"S2X227",0.94572,249,1
"lib1","BM48-31",10.26422,"S2X227",0.93432,168,1
"lib1","YN2013",10.24623,"S2X227",0.83147,224,1
"lib1","Shaanxi2011",10.29904,"S2X227",0.89493,315,1
"lib1","Rs4231",10.25805,"S2X227",0.89787,296,1
"lib1","SARS-CoV-1_PC4-13_PC04",10.22341,"S2X227",1,255,1
"lib1","Rs4084",10.2939,"S2X227",1,200,1
"lib1","273-2005",10.01932,"S2X227",0.93304,223,1
"lib1","SARS-CoV-1_PC4-127_PC04",9.95714,"S2X227",1,299,1
"lib1","Rf4092",10.14671,"S2X227",0.89428,331,1
"lib1","ZC45",10.02942,"S2X227",0.95668,318,1
"lib1","SARS-CoV-1_Sino1-11_HP03L",10.17309,"S2X227",0.98146,293,1
"lib1","HuB2013",10.25261,"S2X227",0.8312,278,1
"lib1","Rp3",10.19185,"S2X227",0.93533,375,1
"lib1","279-2005",10.16649,"S2X227",0.87951,264,1
"lib1","Rs4247",10.17229,"S2X227",0.90253,387,1
"lib1","GX-Pangolin",10.21386,"S2X227",1,172,1
"lib1","RmYN02",10.20362,"S2X227",0.90581,271,1
"lib1","SARS-CoV-1_PC4-137_PC04",10.24665,"S2X227",0.94168,223,1
"lib1","LYRa11",10.17566,"S2X227",0.97964,116,1
"lib1","As6526",10.24849,"S2X227",0.87009,203,1
"lib1","SARS-CoV-1_GZ0402_HP04",9.49429,"S2X227",0.94132,164,1
"lib1","SARS-CoV-1_GZ-C_HP03L",10.24798,"S2X227",0.98836,102,1
"lib1","SARS-CoV-1_GD01_HP03L",9.81251,"S2X227",0.95748,155,1
"lib1","Rs4081",10.15827,"S2X227",0.84696,264,1
"lib1","SARS-CoV-1_HGZ8L1-A_HP03E",10.14582,"S2X227",0.8759,206,1
"lib1","GD-Pangolin",10.21303,"S2X227",0,274,0
"lib1","Rs7327",10.26105,"S2X227",0.9075,244,1
"lib1","Yunnan2011",10.17703,"S2X227",0.91964,316,1
"lib1","WIV1",10.21539,"S2X227",0.94381,237,1
"lib1","SARS-CoV-1_SZ1_PC03",10.18015,"S2X227",0.98563,213,1
"lib1","Rs4237",10.20127,"S2X227",0.91077,248,1
"lib1","SARS-CoV-1_Sin852_HP03L",9.9332,"S2X227",1,236,1
"lib1","GX2013",10.17565,"S2X227",0.95426,403,1
"lib1","Rf1",10.18649,"S2X227",0.83682,124,1
"lib1","RaTG13",10.12732,"S2X227",0.9128,297,1
"lib1","SARS-CoV-1_Urbani_HP03L",10.23141,"S2X227",0.98395,112,1
"lib1","JL2012",10.19356,"S2X227",0.94478,333,1
"lib1","SARS-CoV-2",10.1779,"S2X227",0,194,0
"lib1","RsSHC014",10.39384,"S2X227",0.86186,153,1
"lib1","BtKY72",10.12637,"S2X227",1,207,1
"lib1","SARS-CoV-1_GD03T0013_HP04",10.21194,"S2X227",0.92121,253,1
"lib1","HKU3-8",NA,"S2X227",NA,NA,NA
"lib1",NA,10.08635,"S2H97",0,5341,0
"lib1","ZXC21",10.03525,"S2H97",0,539,0
"lib1","HeB2013",10.08179,"S2H97",0,261,0
"lib1","HKU3-1",10.15426,"S2H97",0,150,0
"lib1","Longquan-140",10.11018,"S2H97",0,244,0
"lib1","BM48-31",10.26422,"S2H97",0.00612,169,0
"lib1","YN2013",10.24623,"S2H97",0,220,0
"lib1","Shaanxi2011",10.29904,"S2H97",0,300,0
"lib1","Rs4231",10.25805,"S2H97",1,299,1
"lib1","SARS-CoV-1_PC4-13_PC04",10.22341,"S2H97",0,252,0
"lib1","Rs4084",10.2939,"S2H97",1,192,1
"lib1","273-2005",10.01932,"S2H97",0,222,0
"lib1","SARS-CoV-1_PC4-127_PC04",9.95714,"S2H97",0,290,0
"lib1","Rf4092",10.14671,"S2H97",0,336,0
"lib1","ZC45",10.02942,"S2H97",0,311,0
"lib1","SARS-CoV-1_Sino1-11_HP03L",10.17309,"S2H97",0,291,0
"lib1","HuB2013",10.25261,"S2H97",0,268,0
"lib1","Rp3",10.19185,"S2H97",0,372,0
"lib1","279-2005",10.16649,"S2H97",0,260,0
"lib1","Rs4247",10.17229,"S2H97",0,377,0
"lib1","GX-Pangolin",10.21386,"S2H97",0,170,0
"lib1","RmYN02",10.20362,"S2H97",0,275,0
"lib1","SARS-CoV-1_PC4-137_PC04",10.24665,"S2H97",0,232,0
"lib1","LYRa11",10.17566,"S2H97",0,114,0
"lib1","As6526",10.24849,"S2H97",0,209,0
"lib1","SARS-CoV-1_GZ0402_HP04",9.49429,"S2H97",0,169,0
"lib1","SARS-CoV-1_GZ-C_HP03L",10.24798,"S2H97",0,104,0
"lib1","SARS-CoV-1_GD01_HP03L",9.81251,"S2H97",0,151,0
"lib1","SARS-CoV-1_HGZ8L1-A_HP03E",10.14582,"S2H97",0,198,0
"lib1","GD-Pangolin",10.21303,"S2H97",0,266,0
"lib1","Rs7327",10.26105,"S2H97",0,240,0
"lib1","Yunnan2011",10.17703,"S2H97",0,311,0
"lib1","WIV1",10.21539,"S2H97",0,235,0
"lib1","SARS-CoV-1_SZ1_PC03",10.18015,"S2H97",0,208,0
"lib1","Rs4237",10.20127,"S2H97",0,244,0
"lib1","SARS-CoV-1_Sin852_HP03L",9.9332,"S2H97",0,243,0
"lib1","Rs4081",10.15827,"S2H97",0,259,0
"lib1","GX2013",10.17565,"S2H97",0,410,0
"lib1","Rf1",10.18649,"S2H97",0,129,0
"lib1","RaTG13",10.12732,"S2H97",0,303,0
"lib1","SARS-CoV-1_Urbani_HP03L",10.23141,"S2H97",0,110,0
"lib1","JL2012",10.19356,"S2H97",0,332,0
"lib1","SARS-CoV-2",10.1779,"S2H97",0,188,0
"lib1","RsSHC014",10.39384,"S2H97",1,154,1
"lib1","BtKY72",10.12637,"S2H97",0,206,0
"lib1","SARS-CoV-1_GD03T0013_HP04",10.21194,"S2H97",0,261,0
"lib1","HKU3-8",NA,"S2H97",NA,NA,NA
"lib1",NA,10.08635,"S2H97_stringent",0,5341,0
"lib1","ZXC21",10.03525,"S2H97_stringent",0,539,0
"lib1","HeB2013",10.08179,"S2H97_stringent",0,261,0
"lib1","HKU3-1",10.15426,"S2H97_stringent",0,150,0
"lib1","Longquan-140",10.11018,"S2H97_stringent",0,244,0
"lib1","BM48-31",10.26422,"S2H97_stringent",0,169,0
"lib1","YN2013",10.24623,"S2H97_stringent",0,220,0
"lib1","Shaanxi2011",10.29904,"S2H97_stringent",0,300,0
"lib1","Rs4231",10.25805,"S2H97_stringent",0.10914,299,0
"lib1","SARS-CoV-1_PC4-13_PC04",10.22341,"S2H97_stringent",0,252,0
"lib1","Rs4084",10.2939,"S2H97_stringent",0.14858,192,0
"lib1","273-2005",10.01932,"S2H97_stringent",0,222,0
"lib1","SARS-CoV-1_PC4-127_PC04",9.95714,"S2H97_stringent",0,290,0
"lib1","Rf4092",10.14671,"S2H97_stringent",0,336,0
"lib1","ZC45",10.02942,"S2H97_stringent",0,311,0
"lib1","SARS-CoV-1_Sino1-11_HP03L",10.17309,"S2H97_stringent",0,291,0
"lib1","HuB2013",10.25261,"S2H97_stringent",0,268,0
"lib1","Rp3",10.19185,"S2H97_stringent",0,372,0
"lib1","279-2005",10.16649,"S2H97_stringent",0,260,0
"lib1","Rs4247",10.17229,"S2H97_stringent",0,377,0
"lib1","GX-Pangolin",10.21386,"S2H97_stringent",0,170,0
"lib1","RmYN02",10.20362,"S2H97_stringent",0,275,0
"lib1","SARS-CoV-1_PC4-137_PC04",10.24665,"S2H97_stringent",0,232,0
"lib1","LYRa11",10.17566,"S2H97_stringent",0,114,0
"lib1","As6526",10.24849,"S2H97_stringent",0,209,0
"lib1","SARS-CoV-1_GZ0402_HP04",9.49429,"S2H97_stringent",0,169,0
"lib1","SARS-CoV-1_GZ-C_HP03L",10.24798,"S2H97_stringent",0,104,0
"lib1","SARS-CoV-1_GD01_HP03L",9.81251,"S2H97_stringent",0,151,0
"lib1","SARS-CoV-1_HGZ8L1-A_HP03E",10.14582,"S2H97_stringent",0,198,0
"lib1","GD-Pangolin",10.21303,"S2H97_stringent",0,266,0
"lib1","Rs7327",10.26105,"S2H97_stringent",0,240,0
"lib1","Yunnan2011",10.17703,"S2H97_stringent",0,311,0
"lib1","WIV1",10.21539,"S2H97_stringent",0,235,0
"lib1","SARS-CoV-1_SZ1_PC03",10.18015,"S2H97_stringent",0,208,0
"lib1","Rs4237",10.20127,"S2H97_stringent",0,244,0
"lib1","SARS-CoV-1_Sin852_HP03L",9.9332,"S2H97_stringent",0,243,0
"lib1","Rs4081",10.15827,"S2H97_stringent",0,259,0
"lib1","GX2013",10.17565,"S2H97_stringent",0,410,0
"lib1","Rf1",10.18649,"S2H97_stringent",0,129,0
"lib1","RaTG13",10.12732,"S2H97_stringent",0,303,0
"lib1","SARS-CoV-1_Urbani_HP03L",10.23141,"S2H97_stringent",0,110,0
"lib1","JL2012",10.19356,"S2H97_stringent",0,332,0
"lib1","SARS-CoV-2",10.1779,"S2H97_stringent",0,188,0
"lib1","RsSHC014",10.39384,"S2H97_stringent",0.12773,154,0
"lib1","BtKY72",10.12637,"S2H97_stringent",0,206,0
"lib1","SARS-CoV-1_GD03T0013_HP04",10.21194,"S2H97_stringent",0,261,0
"lib1","HKU3-8",NA,"S2H97_stringent",NA,NA,NA
"lib1",NA,10.08635,"S2H13",0.80116,5341,1
"lib1","ZXC21",10.03525,"S2H13",1,539,1
"lib1","HeB2013",10.08179,"S2H13",0.95978,261,1
"lib1","HKU3-1",10.15426,"S2H13",0.96392,150,1
"lib1","Longquan-140",10.11018,"S2H13",0.95381,244,1
"lib1","BM48-31",10.26422,"S2H13",0.89648,169,1
"lib1","YN2013",10.24623,"S2H13",0.8799,220,1
"lib1","Shaanxi2011",10.29904,"S2H13",0.87835,300,1
"lib1","Rs4231",10.25805,"S2H13",0.85596,299,1
"lib1","SARS-CoV-1_PC4-13_PC04",10.22341,"S2H13",1,252,1
"lib1","Rs4084",10.2939,"S2H13",0.98036,192,1
"lib1","273-2005",10.01932,"S2H13",0.85192,222,1
"lib1","SARS-CoV-1_PC4-127_PC04",9.95714,"S2H13",1,290,1
"lib1","Rf4092",10.14671,"S2H13",0.93754,336,1
"lib1","ZC45",10.02942,"S2H13",0.9693,311,1
"lib1","SARS-CoV-1_Sino1-11_HP03L",10.17309,"S2H13",1,291,1
"lib1","HuB2013",10.25261,"S2H13",0.92318,268,1
"lib1","Rp3",10.19185,"S2H13",1,372,1
"lib1","279-2005",10.16649,"S2H13",0.89466,260,1
"lib1","Rs4247",10.17229,"S2H13",0.92575,377,1
"lib1","GX-Pangolin",10.21386,"S2H13",1,170,1
"lib1","RmYN02",10.20362,"S2H13",0.88465,275,1
"lib1","SARS-CoV-1_PC4-137_PC04",10.24665,"S2H13",0.97302,232,1
"lib1","LYRa11",10.17566,"S2H13",1,114,1
"lib1","As6526",10.24849,"S2H13",0.90371,209,1
"lib1","SARS-CoV-1_GZ0402_HP04",9.49429,"S2H13",0.86541,169,1
"lib1","SARS-CoV-1_GZ-C_HP03L",10.24798,"S2H13",1,104,1
"lib1","SARS-CoV-1_GD01_HP03L",9.81251,"S2H13",0.89999,151,1
"lib1","SARS-CoV-1_HGZ8L1-A_HP03E",10.14582,"S2H13",0.97469,198,1
"lib1","GD-Pangolin",10.21303,"S2H13",0,266,0
"lib1","Rs7327",10.26105,"S2H13",0.93706,240,1
"lib1","Yunnan2011",10.17703,"S2H13",0.92552,311,1
"lib1","WIV1",10.21539,"S2H13",0.99301,235,1
"lib1","SARS-CoV-1_SZ1_PC03",10.18015,"S2H13",0.9937,208,1
"lib1","Rs4237",10.20127,"S2H13",0.93745,244,1
"lib1","SARS-CoV-1_Sin852_HP03L",9.9332,"S2H13",1,243,1
"lib1","Rs4081",10.15827,"S2H13",0.86743,259,1
"lib1","GX2013",10.17565,"S2H13",0.92958,410,1
"lib1","Rf1",10.18649,"S2H13",0.92003,129,1
"lib1","RaTG13",10.12732,"S2H13",0.88015,303,1
"lib1","SARS-CoV-1_Urbani_HP03L",10.23141,"S2H13",1,110,1
"lib1","JL2012",10.19356,"S2H13",0.92813,332,1
"lib1","SARS-CoV-2",10.1779,"S2H13",0,188,0
"lib1","RsSHC014",10.39384,"S2H13",0.86134,154,1
"lib1","BtKY72",10.12637,"S2H13",1,206,1
"lib1","SARS-CoV-1_GD03T0013_HP04",10.21194,"S2H13",1,261,1
"lib1","HKU3-8",NA,"S2H13",NA,NA,NA
"lib1",NA,10.08635,"S2H13_stringent",0.72607,5341,1
"lib1","ZXC21",10.03525,"S2H13_stringent",1,539,1
"lib1","HeB2013",10.08179,"S2H13_stringent",0.88057,261,1
"lib1","HKU3-1",10.15426,"S2H13_stringent",0.94664,150,1
"lib1","Longquan-140",10.11018,"S2H13_stringent",0.88308,244,1
"lib1","BM48-31",10.26422,"S2H13_stringent",0.86696,169,1
"lib1","YN2013",10.24623,"S2H13_stringent",0.87125,220,1
"lib1","Shaanxi2011",10.29904,"S2H13_stringent",0.88836,300,1
"lib1","Rs4231",10.25805,"S2H13_stringent",0.81633,299,1
"lib1","SARS-CoV-1_PC4-13_PC04",10.22341,"S2H13_stringent",1,252,1
"lib1","Rs4084",10.2939,"S2H13_stringent",0.97696,192,1
"lib1","273-2005",10.01932,"S2H13_stringent",0.79996,222,1
"lib1","SARS-CoV-1_PC4-127_PC04",9.95714,"S2H13_stringent",0.93893,290,1
"lib1","Rf4092",10.14671,"S2H13_stringent",0.86051,336,1
"lib1","ZC45",10.02942,"S2H13_stringent",0.92421,311,1
"lib1","SARS-CoV-1_Sino1-11_HP03L",10.17309,"S2H13_stringent",1,291,1
"lib1","HuB2013",10.25261,"S2H13_stringent",0.83642,268,1
"lib1","Rp3",10.19185,"S2H13_stringent",0.92081,372,1
"lib1","279-2005",10.16649,"S2H13_stringent",0.84968,260,1
"lib1","Rs4247",10.17229,"S2H13_stringent",0.87931,377,1
"lib1","GX-Pangolin",10.21386,"S2H13_stringent",0.99432,170,1
"lib1","RmYN02",10.20362,"S2H13_stringent",0.82361,275,1
"lib1","SARS-CoV-1_PC4-137_PC04",10.24665,"S2H13_stringent",0.95834,232,1
"lib1","LYRa11",10.17566,"S2H13_stringent",1,114,1
"lib1","As6526",10.24849,"S2H13_stringent",0.84251,209,1
"lib1","SARS-CoV-1_GZ0402_HP04",9.49429,"S2H13_stringent",0.83293,169,1
"lib1","SARS-CoV-1_GZ-C_HP03L",10.24798,"S2H13_stringent",0.99566,104,1
"lib1","SARS-CoV-1_GD01_HP03L",9.81251,"S2H13_stringent",0.8417,151,1
"lib1","SARS-CoV-1_HGZ8L1-A_HP03E",10.14582,"S2H13_stringent",0.93756,198,1
"lib1","GD-Pangolin",10.21303,"S2H13_stringent",0,266,0
"lib1","Rs7327",10.26105,"S2H13_stringent",0.97042,240,1
"lib1","Yunnan2011",10.17703,"S2H13_stringent",0.8706,311,1
"lib1","WIV1",10.21539,"S2H13_stringent",0.94423,235,1
"lib1","SARS-CoV-1_SZ1_PC03",10.18015,"S2H13_stringent",0.93799,208,1
"lib1","Rs4237",10.20127,"S2H13_stringent",0.86285,244,1
"lib1","SARS-CoV-1_Sin852_HP03L",9.9332,"S2H13_stringent",0.98705,243,1
"lib1","Rs4081",10.15827,"S2H13_stringent",0.84797,259,1
"lib1","GX2013",10.17565,"S2H13_stringent",0.91912,410,1
"lib1","Rf1",10.18649,"S2H13_stringent",0.89857,129,1
"lib1","RaTG13",10.12732,"S2H13_stringent",0.88175,303,1
"lib1","SARS-CoV-1_Urbani_HP03L",10.23141,"S2H13_stringent",0.92358,110,1
"lib1","JL2012",10.19356,"S2H13_stringent",0.92804,332,1
"lib1","SARS-CoV-2",10.1779,"S2H13_stringent",0,188,0
"lib1","RsSHC014",10.39384,"S2H13_stringent",0.79716,154,1
"lib1","BtKY72",10.12637,"S2H13_stringent",1,206,1
"lib1","SARS-CoV-1_GD03T0013_HP04",10.21194,"S2H13_stringent",0.95838,261,1
"lib1","HKU3-8",NA,"S2H13_stringent",NA,NA,NA
"lib1",NA,10.08635,"S2H14",0.95456,5341,1
"lib1","ZXC21",10.03525,"S2H14",1,539,1
"lib1","HeB2013",10.08179,"S2H14",1,261,1
"lib1","HKU3-1",10.15426,"S2H14",1,150,1
"lib1","Longquan-140",10.11018,"S2H14",0.98623,244,1
"lib1","BM48-31",10.26422,"S2H14",0.96561,169,1
"lib1","YN2013",10.24623,"S2H14",0.89286,220,1
"lib1","Shaanxi2011",10.29904,"S2H14",0.89038,300,1
"lib1","Rs4231",10.25805,"S2H14",0.96305,299,1
"lib1","SARS-CoV-1_PC4-13_PC04",10.22341,"S2H14",1,252,1
"lib1","Rs4084",10.2939,"S2H14",0.97963,192,1
"lib1","273-2005",10.01932,"S2H14",0.94305,222,1
"lib1","SARS-CoV-1_PC4-127_PC04",9.95714,"S2H14",1,290,1
"lib1","Rf4092",10.14671,"S2H14",0.90646,336,1
"lib1","ZC45",10.02942,"S2H14",1,311,1
"lib1","SARS-CoV-1_Sino1-11_HP03L",10.17309,"S2H14",1,291,1
"lib1","HuB2013",10.25261,"S2H14",0.93456,268,1
"lib1","Rp3",10.19185,"S2H14",0.99204,372,1
"lib1","279-2005",10.16649,"S2H14",0.93632,260,1
"lib1","Rs4247",10.17229,"S2H14",0.93922,377,1
"lib1","GX-Pangolin",10.21386,"S2H14",1,170,1
"lib1","RmYN02",10.20362,"S2H14",0.95247,275,1
"lib1","SARS-CoV-1_PC4-137_PC04",10.24665,"S2H14",0.97662,232,1
"lib1","LYRa11",10.17566,"S2H14",1,114,1
"lib1","As6526",10.24849,"S2H14",0.98479,209,1
"lib1","SARS-CoV-1_GZ0402_HP04",9.49429,"S2H14",0.91292,169,1
"lib1","SARS-CoV-1_GZ-C_HP03L",10.24798,"S2H14",1,104,1
"lib1","SARS-CoV-1_GD01_HP03L",9.81251,"S2H14",0.91214,151,1
"lib1","SARS-CoV-1_HGZ8L1-A_HP03E",10.14582,"S2H14",0.98114,198,1
"lib1","GD-Pangolin",10.21303,"S2H14",1,266,1
"lib1","Rs7327",10.26105,"S2H14",1,240,1
"lib1","Yunnan2011",10.17703,"S2H14",0.93723,311,1
"lib1","WIV1",10.21539,"S2H14",0.99579,235,1
"lib1","SARS-CoV-1_SZ1_PC03",10.18015,"S2H14",0.99614,208,1
"lib1","Rs4237",10.20127,"S2H14",0.95728,244,1
"lib1","SARS-CoV-1_Sin852_HP03L",9.9332,"S2H14",1,243,1
"lib1","Rs4081",10.15827,"S2H14",0.94689,259,1
"lib1","GX2013",10.17565,"S2H14",0.95752,410,1
"lib1","Rf1",10.18649,"S2H14",0.91953,129,1
"lib1","RaTG13",10.12732,"S2H14",0.89119,303,1
"lib1","SARS-CoV-1_Urbani_HP03L",10.23141,"S2H14",1,110,1
"lib1","JL2012",10.19356,"S2H14",0.94338,332,1
"lib1","SARS-CoV-2",10.1779,"S2H14",0,188,0
"lib1","RsSHC014",10.39384,"S2H14",0.88393,154,1
"lib1","BtKY72",10.12637,"S2H14",1,206,1
"lib1","SARS-CoV-1_GD03T0013_HP04",10.21194,"S2H14",1,261,1
"lib1","HKU3-8",NA,"S2H14",NA,NA,NA
"lib1",NA,10.08635,"S2H14_stringent",0.90536,5341,1
"lib1","ZXC21",10.03525,"S2H14_stringent",1,539,1
"lib1","HeB2013",10.08179,"S2H14_stringent",0.95905,261,1
"lib1","HKU3-1",10.15426,"S2H14_stringent",0.94178,150,1
"lib1","Longquan-140",10.11018,"S2H14_stringent",0.97618,244,1
"lib1","BM48-31",10.26422,"S2H14_stringent",0.9048,169,1
"lib1","YN2013",10.24623,"S2H14_stringent",0.8967,220,1
"lib1","Shaanxi2011",10.29904,"S2H14_stringent",0.8617,300,1
"lib1","Rs4231",10.25805,"S2H14_stringent",0.90355,299,1
"lib1","SARS-CoV-1_PC4-13_PC04",10.22341,"S2H14_stringent",1,252,1
"lib1","Rs4084",10.2939,"S2H14_stringent",0.95364,192,1
"lib1","273-2005",10.01932,"S2H14_stringent",0.9036,222,1
"lib1","SARS-CoV-1_PC4-127_PC04",9.95714,"S2H14_stringent",1,290,1
"lib1","Rf4092",10.14671,"S2H14_stringent",0.95717,336,1
"lib1","ZC45",10.02942,"S2H14_stringent",0.9921,311,1
"lib1","SARS-CoV-1_Sino1-11_HP03L",10.17309,"S2H14_stringent",1,291,1
"lib1","HuB2013",10.25261,"S2H14_stringent",0.88983,268,1
"lib1","Rp3",10.19185,"S2H14_stringent",0.97585,372,1
"lib1","279-2005",10.16649,"S2H14_stringent",0.92596,260,1
"lib1","Rs4247",10.17229,"S2H14_stringent",0.88924,377,1
"lib1","GX-Pangolin",10.21386,"S2H14_stringent",1,170,1
"lib1","RmYN02",10.20362,"S2H14_stringent",0.87763,275,1
"lib1","SARS-CoV-1_PC4-137_PC04",10.24665,"S2H14_stringent",0.985,232,1
"lib1","LYRa11",10.17566,"S2H14_stringent",1,114,1
"lib1","As6526",10.24849,"S2H14_stringent",0.86124,209,1
"lib1","SARS-CoV-1_GZ0402_HP04",9.49429,"S2H14_stringent",0.82477,169,1
"lib1","SARS-CoV-1_GZ-C_HP03L",10.24798,"S2H14_stringent",1,104,1
"lib1","SARS-CoV-1_GD01_HP03L",9.81251,"S2H14_stringent",0.85846,151,1
"lib1","SARS-CoV-1_HGZ8L1-A_HP03E",10.14582,"S2H14_stringent",0.99229,198,1
"lib1","GD-Pangolin",10.21303,"S2H14_stringent",0.42912,266,1
"lib1","Rs7327",10.26105,"S2H14_stringent",0.95701,240,1
"lib1","Yunnan2011",10.17703,"S2H14_stringent",0.9314,311,1
"lib1","WIV1",10.21539,"S2H14_stringent",1,235,1
"lib1","SARS-CoV-1_SZ1_PC03",10.18015,"S2H14_stringent",1,208,1
"lib1","Rs4237",10.20127,"S2H14_stringent",0.94888,244,1
"lib1","SARS-CoV-1_Sin852_HP03L",9.9332,"S2H14_stringent",1,243,1
"lib1","Rs4081",10.15827,"S2H14_stringent",0.91481,259,1
"lib1","GX2013",10.17565,"S2H14_stringent",0.91256,410,1
"lib1","Rf1",10.18649,"S2H14_stringent",0.90419,129,1
"lib1","RaTG13",10.12732,"S2H14_stringent",0.89492,303,1
"lib1","SARS-CoV-1_Urbani_HP03L",10.23141,"S2H14_stringent",0.99364,110,1
"lib1","JL2012",10.19356,"S2H14_stringent",0.92792,332,1
"lib1","SARS-CoV-2",10.1779,"S2H14_stringent",0,188,0
"lib1","RsSHC014",10.39384,"S2H14_stringent",0.94258,154,1
"lib1","BtKY72",10.12637,"S2H14_stringent",1,206,1
"lib1","SARS-CoV-1_GD03T0013_HP04",10.21194,"S2H14_stringent",1,261,1
"lib1","HKU3-8",NA,"S2H14_stringent",NA,NA,NA
